age,sibsp,parch,fare,has_cabin,family_size,pclass_1,pclass_2,pclass_3,sex_female,sex_male,embarked_C,embarked_Q,embarked_S,title_grouped_Master,title_grouped_Miss,title_grouped_Mr,title_grouped_Mrs,title_grouped_Other,family_group_alone,family_group_large_family,family_group_small_family
-0.8202651766608181,-0.47957078304258416,-0.44759714185456223,-0.4992455636943435,0,-0.5579397802308043,0,0,1,1,0,0,1,0,0,1,0,0,0,1,0,0
-0.37153946256316595,0.5107854493944685,-0.44759714185456223,-0.09061381124486473,0,0.08329287608275462,0,1,0,1,0,1,0,0,0,0,0,1,0,0,0,1
-1.3437785097747457,3.4818541467056257,1.8723741825104212,-0.017889685293178435,0,3.2894561576505494,0,0,1,1,0,0,0,1,0,1,0,0,0,0,1,0
-0.29675184354689055,-0.47957078304258416,-0.44759714185456223,-0.5099878309062716,0,-0.5579397802308043,0,0,1,0,1,1,0,0,0,0,1,0,0,1,0,0
-0.9698404146933688,-0.47957078304258416,-0.44759714185456223,-0.5012917098299489,0,-0.5579397802308043,0,0,1,1,0,0,0,1,0,1,0,0,0,1,0,0
-0.29675184354689055,-0.47957078304258416,-0.44759714185456223,-0.5012917098299489,1,-0.5579397802308043,0,0,1,0,1,0,0,1,0,0,1,0,0,1,0,0
-0.29675184354689055,-0.47957078304258416,-0.44759714185456223,-0.12582389394636206,0,-0.5579397802308043,1,0,0,0,1,1,0,0,0,0,1,0,0,1,0,0
-0.6706899386282674,-0.47957078304258416,-0.44759714185456223,-0.4971134794210427,0,-0.5579397802308043,0,0,1,0,1,0,0,1,0,0,1,0,0,1,0,0
0.8998500607135153,-0.47957078304258416,-0.44759714185456223,-0.050116486928963117,1,-0.5579397802308043,1,0,0,0,1,1,0,0,0,0,1,0,0,1,0,0
-0.2219642245306152,-0.47957078304258416,-0.44759714185456223,-0.5033378559655542,0,-0.5579397802308043,0,0,1,0,1,0,0,1,0,0,1,0,0,1,0,0
-0.8202651766608181,1.5011416818315209,-0.44759714185456223,-0.18209291267550995,0,0.7245255323963136,0,0,1,1,0,0,1,0,0,1,0,0,0,0,0,1
0.0023986325182108795,-0.47957078304258416,-0.44759714185456223,-0.49566480795703405,0,-0.5579397802308043,0,0,1,0,1,0,0,1,0,0,1,0,0,1,0,0
2.3956024410390224,-0.47957078304258416,-0.44759714185456223,0.027637066224041246,1,-0.5579397802308043,1,0,0,0,1,0,0,1,0,0,1,0,0,1,0,0
-0.8202651766608181,0.5107854493944685,0.7123885203279295,-0.39182289157506117,0,0.7245255323963136,0,1,0,1,0,0,0,1,0,1,0,0,0,0,0,1
-0.8950527956770935,0.5107854493944685,-0.44759714185456223,-0.5134826485058857,0,0.08329287608275462,0,0,1,0,1,0,0,1,0,0,1,0,0,0,0,1
-0.2219642245306152,-0.47957078304258416,-0.44759714185456223,-0.508197453037617,0,-0.5579397802308043,0,0,1,0,1,0,0,1,0,0,1,0,0,1,0,0
0.5259119656321384,0.5107854493944685,0.7123885203279295,-0.16367759745506158,0,0.7245255323963136,0,0,1,0,1,0,0,1,0,0,1,0,0,0,0,1
0.22676148956703696,-0.47957078304258416,-0.44759714185456223,-0.49566480795703405,0,-0.5579397802308043,0,0,1,0,1,0,0,1,0,0,1,0,0,1,0,0
-0.07238898649806448,2.491497914268573,1.8723741825104212,4.723542447438383,1,2.6482235013369904,1,0,0,1,0,0,0,1,0,1,0,0,0,0,1,0
-0.5211147005957166,-0.47957078304258416,-0.44759714185456223,-0.5094762943723704,0,-0.5579397802308043,0,0,1,0,1,0,0,1,0,0,1,0,0,1,0,0
-0.2219642245306152,-0.47957078304258416,-0.44759714185456223,-0.4931071252875273,0,-0.5579397802308043,0,0,1,0,1,0,0,1,0,0,1,0,0,1,0,0
-1.8672918428886731,3.4818541467056257,1.8723741825104212,-0.017889685293178435,0,3.2894561576505494,0,0,1,0,1,0,0,1,1,0,0,0,0,0,1,0
-0.8202651766608181,-0.47957078304258416,1.8723741825104212,0.9719335078059231,1,0.7245255323963136,1,0,0,1,0,0,0,1,0,1,0,0,0,0,0,1
1.1990005367786167,0.5107854493944685,-0.44759714185456223,-0.3691454539541468,0,0.08329287608275462,0,0,1,1,0,0,0,1,0,0,0,1,0,0,0,1
0.22676148956703696,-0.47957078304258416,-0.44759714185456223,-0.49566480795703405,0,-0.5579397802308043,0,0,1,0,1,0,0,1,0,0,1,0,0,1,0,0
0.45112434661586304,-0.47957078304258416,-0.44759714185456223,-0.4931071252875273,0,-0.5579397802308043,0,0,1,0,1,0,0,1,0,0,1,0,0,1,0,0
-0.7828713671526805,-0.47957078304258416,-0.44759714185456223,-0.5087949277092138,0,-0.5579397802308043,0,0,1,1,0,0,1,0,0,1,0,0,0,1,0,0
-2.016867080921224,2.491497914268573,0.7123885203279295,-0.22659659112492694,0,2.0069908450234317,0,0,1,0,1,0,0,1,1,0,0,0,0,0,1,0
2.0216643459576455,-0.47957078304258416,0.7123885203279295,1.0437184526813663,1,0.08329287608275462,1,0,0,1,0,1,0,0,0,0,0,1,0,0,0,1
-0.9698404146933688,4.472210379142679,1.8723741825104212,0.3018206483951618,0,3.9306888139641085,0,0,1,1,0,0,0,1,0,1,0,0,0,0,1,0
0.4137305371077254,-0.47957078304258416,-0.44759714185456223,-0.526101231724164,0,-0.5579397802308043,0,0,1,0,1,1,0,0,0,0,1,0,0,1,0,0
0.18936768005889928,-0.47957078304258416,-0.44759714185456223,-0.22813120072663096,0,-0.5579397802308043,0,1,0,1,0,0,0,1,0,0,0,1,0,1,0,0
0.26415529907517465,-0.47957078304258416,-0.44759714185456223,3.6697771876016136,1,-0.5579397802308043,1,0,0,0,1,1,0,0,0,0,1,0,0,1,0,0
-0.6706899386282674,-0.47957078304258416,-0.44759714185456223,-0.46906490819416413,0,-0.5579397802308043,0,0,1,0,1,0,0,1,0,0,1,0,0,1,0,0
2.1712395839901966,-0.47957078304258416,-0.44759714185456223,-0.050116486928963117,1,-0.5579397802308043,1,0,0,0,1,1,0,0,0,0,1,0,0,1,0,0
-0.2219642245306152,0.5107854493944685,1.8723741825104212,-0.1780006204042992,0,1.3657581887098726,0,0,1,0,1,0,0,1,0,0,1,0,0,0,0,1
0.22676148956703696,-0.47957078304258416,-0.44759714185456223,-0.19692747215864898,0,-0.5579397802308043,0,0,1,0,1,0,0,1,0,0,1,0,0,1,0,0
1.7225138698925442,-0.47957078304258416,-0.44759714185456223,-0.3815921608970343,0,-0.5579397802308043,0,1,0,0,1,0,0,1,0,0,1,0,0,1,0,0
-0.2219642245306152,-0.47957078304258416,-0.44759714185456223,-0.4962622826286308,0,-0.5579397802308043,0,0,1,0,1,0,0,1,0,0,1,0,0,1,0,0
1.273788155794892,0.5107854493944685,-0.44759714185456223,0.5939080092528294,1,0.08329287608275462,1,0,0,0,1,0,0,1,0,0,1,0,0,0,0,1
-0.0349951769899268,-0.47957078304258416,-0.44759714185456223,-0.3283923613712944,0,-0.5579397802308043,0,0,1,0,1,0,0,1,0,0,1,0,0,1,0,0
1.5729386318599934,-0.47957078304258416,-0.44759714185456223,-0.07032218001806624,1,-0.5579397802308043,1,0,0,1,0,1,0,0,0,1,0,0,0,1,0,0
-0.9698404146933688,0.5107854493944685,0.7123885203279295,-0.48355776127265704,0,0.7245255323963136,0,0,1,1,0,1,0,0,0,0,0,1,0,0,0,1
-0.37153946256316595,0.5107854493944685,1.8723741825104212,0.6721730989397352,0,1.3657581887098726,0,1,0,1,0,0,0,1,0,1,0,0,0,0,0,1
0.8998500607135153,-0.47957078304258416,-0.44759714185456223,3.997672105832375,0,-0.5579397802308043,1,0,0,0,1,1,0,0,0,0,1,0,0,1,0,0
1.1242129177623412,0.5107854493944685,-0.44759714185456223,-0.12582389394636206,0,0.08329287608275462,0,1,0,1,0,0,0,1,0,0,0,1,0,0,0,1
0.7502748226809645,0.5107854493944685,5.352331169057896,-0.017889685293178435,0,3.2894561576505494,0,0,1,1,0,0,0,1,0,0,0,1,0,0,1,0
-0.5211147005957166,-0.47957078304258416,-0.44759714185456223,-0.4962622826286308,0,-0.5579397802308043,0,0,1,0,1,0,0,1,0,0,1,0,0,1,0,0
0.9746376797297905,-0.47957078304258416,-0.44759714185456223,-0.5012917098299489,1,-0.5579397802308043,0,0,1,0,1,0,0,1,0,0,1,0,0,1,0,0
-0.07238898649806448,-0.47957078304258416,-0.44759714185456223,-0.5094762943723704,0,-0.5579397802308043,0,0,1,0,1,0,0,1,0,0,1,0,0,1,0,0
1.498151012843718,0.5107854493944685,-0.44759714185456223,0.9121696714771612,1,0.08329287608275462,1,0,0,1,0,1,0,0,0,0,0,1,0,0,0,1
-2.091654699937499,4.472210379142679,1.8723741825104212,0.3018206483951618,0,3.9306888139641085,0,0,1,0,1,0,0,1,1,0,0,0,0,0,1,0
0.07718625153448624,-0.47957078304258416,-0.44759714185456223,-0.4805744802069444,0,-0.5579397802308043,0,0,1,1,0,0,0,1,0,1,0,0,0,1,0,0
-0.595902319611992,-0.47957078304258416,-0.44759714185456223,-0.4992455636943435,0,-0.5579397802308043,0,0,1,0,1,0,1,0,0,0,1,0,0,1,0,0
-0.14717660551433984,-0.47957078304258416,-0.44759714185456223,-0.4805744802069444,0,-0.5579397802308043,0,0,1,0,1,0,0,1,0,0,1,0,0,1,0,0
-2.110351604691568,1.5011416818315209,0.7123885203279295,-0.26376892797046986,0,1.3657581887098726,0,0,1,1,0,1,0,0,0,1,0,0,0,0,0,1
-0.8950527956770935,-0.47957078304258416,-0.44759714185456223,-0.49958727009898957,0,-0.5579397802308043,0,0,1,1,0,0,1,0,0,1,0,0,0,1,0,0
0.07718625153448624,-0.47957078304258416,-0.44759714185456223,-0.39182289157506117,0,-0.5579397802308043,0,1,0,0,1,0,0,1,0,0,1,0,0,1,0,0
-0.7454775576445427,-0.47957078304258416,-0.44759714185456223,-0.5012917098299489,1,-0.5579397802308043,0,0,1,0,1,0,0,1,0,0,1,0,0,1,0,0
-1.7551104143642602,0.5107854493944685,1.8723741825104212,-0.1780006204042992,0,1.3657581887098726,0,0,1,0,1,0,0,1,1,0,0,0,0,0,0,1
0.3763367275995877,-0.47957078304258416,-0.44759714185456223,-0.4429765449651956,1,-0.5579397802308043,0,1,0,1,0,0,0,1,0,0,0,1,0,1,0,0
0.8250624416972399,0.5107854493944685,0.7123885203279295,2.0942446631854725,1,0.7245255323963136,1,0,0,1,0,1,0,0,0,0,0,1,0,0,0,1
-0.2219642245306152,-0.47957078304258416,-0.44759714185456223,-0.4992455636943435,0,-0.5579397802308043,0,0,1,0,1,0,1,0,0,0,1,0,0,1,0,0
-0.595902319611992,-0.47957078304258416,-0.44759714185456223,-0.4987340271604422,0,-0.5579397802308043,0,0,1,0,1,0,0,1,0,0,1,0,0,1,0,0
-0.2219642245306152,-0.47957078304258416,-0.44759714185456223,-0.4805744802069444,0,-0.5579397802308043,0,0,1,0,1,0,0,1,0,0,1,0,0,1,0,0
-0.7454775576445427,-0.47957078304258416,-0.44759714185456223,-0.39182289157506117,0,-0.5579397802308043,0,1,0,1,0,0,0,1,0,1,0,0,0,1,0,0
-1.2689908907584704,-0.47957078304258416,-0.44759714185456223,-0.33555387284591326,0,-0.5579397802308043,0,1,0,1,0,0,0,1,0,1,0,0,0,1,0,0
0.6754872036646892,-0.47957078304258416,-0.44759714185456223,3.997672105832375,1,-0.5579397802308043,1,0,0,1,0,1,0,0,0,1,0,0,0,1,0,0
-0.2219642245306152,-0.47957078304258416,-0.44759714185456223,-0.5094762943723704,0,-0.5579397802308043,0,0,1,0,1,0,0,1,0,0,1,0,0,1,0,0
-0.8202651766608181,-0.47957078304258416,-0.44759714185456223,-0.4966019428871413,0,-0.5579397802308043,0,0,1,1,0,0,1,0,0,1,0,0,0,1,0,0
-0.5211147005957166,0.5107854493944685,0.7123885203279295,-0.06443950987820074,0,0.7245255323963136,0,1,0,1,0,0,0,1,0,0,0,1,0,0,0,1
0.07718625153448624,-0.47957078304258416,-0.44759714185456223,-0.39182289157506117,0,-0.5579397802308043,0,1,0,0,1,0,0,1,0,0,1,0,0,1,0,0
-0.595902319611992,-0.47957078304258416,0.7123885203279295,0.9235933053522458,1,0.08329287608275462,1,0,0,0,1,0,0,1,0,0,1,0,0,0,0,1
1.9468767269413703,1.5011416818315209,-0.44759714185456223,-0.13196233235317822,1,0.7245255323963136,1,0,0,1,0,0,0,1,0,0,0,1,0,0,0,1
-0.2219642245306152,-0.47957078304258416,-0.44759714185456223,-0.4962622826286308,0,-0.5579397802308043,0,0,1,0,1,0,0,1,0,0,1,0,0,1,0,0
-1.4933537478072965,0.5107854493944685,0.7123885203279295,-0.3458705416616356,0,0.7245255323963136,0,0,1,1,0,1,0,0,0,1,0,0,0,0,0,1
2.6199652980878483,-0.47957078304258416,-0.44759714185456223,-0.12582389394636206,0,-0.5579397802308043,1,0,0,0,1,0,0,1,0,0,1,0,0,1,0,0
0.8998500607135153,-0.47957078304258416,-0.44759714185456223,-0.6578218892037603,0,-0.5579397802308043,1,0,0,0,1,0,0,1,0,0,1,0,0,1,0,0
-0.29675184354689055,-0.47957078304258416,0.7123885203279295,-0.12582389394636206,0,0.08329287608275462,0,1,0,1,0,0,0,1,0,0,0,1,0,0,0,1
-0.6706899386282674,-0.47957078304258416,-0.44759714185456223,-0.4805744802069444,0,-0.5579397802308043,0,0,1,0,1,0,0,1,0,0,1,0,0,1,0,0
-0.8202651766608181,-0.47957078304258416,-0.44759714185456223,-0.4429765449651956,0,-0.5579397802308043,0,1,0,0,1,0,0,1,0,0,1,0,0,1,0,0
0.15197387055076161,-0.47957078304258416,-0.44759714185456223,-0.4992455636943435,0,-0.5579397802308043,0,0,1,0,1,0,1,0,0,0,1,0,0,1,0,0
-0.595902319611992,-0.47957078304258416,-0.44759714185456223,-0.11457009020053248,0,-0.5579397802308043,1,0,0,1,0,0,0,1,0,1,0,0,0,1,0,0
1.3485757748111673,-0.47957078304258416,-0.44759714185456223,0.4061741013110361,1,-0.5579397802308043,1,0,0,0,1,0,0,1,0,0,1,0,0,1,0,0
0.07718625153448624,-0.47957078304258416,-0.44759714185456223,-0.6578218892037603,0,-0.5579397802308043,0,1,0,0,1,0,0,1,0,0,1,0,0,1,0,0
-0.8202651766608181,2.491497914268573,0.7123885203279295,-0.13673599128754557,0,2.0069908450234317,0,0,1,1,0,0,0,1,0,1,0,0,0,0,1,0
1.7225138698925442,0.5107854493944685,0.7123885203279295,0.9719335078059231,1,0.7245255323963136,1,0,0,0,1,0,0,1,0,0,1,0,0,0,0,1
1.3485757748111673,-0.47957078304258416,-0.44759714185456223,-0.47366873699927625,0,-0.5579397802308043,0,0,1,0,1,0,0,1,0,0,1,0,0,1,0,0
0.30154910858331235,-0.47957078304258416,-0.44759714185456223,-0.4634380063212494,0,-0.5579397802308043,0,0,1,0,1,0,0,1,0,0,1,0,0,1,0,0
-0.7454775576445427,-0.47957078304258416,-0.44759714185456223,-0.4962622826286308,0,-0.5579397802308043,0,0,1,0,1,0,0,1,0,0,1,0,0,1,0,0
-0.07238898649806448,0.5107854493944685,-0.44759714185456223,-0.16674681665846963,0,0.08329287608275462,0,1,0,1,0,1,0,0,0,0,0,1,0,0,0,1
-0.2219642245306152,-0.47957078304258416,-0.44759714185456223,-0.4962622826286308,0,-0.5579397802308043,0,0,1,0,1,1,0,0,0,0,1,0,0,1,0,0
-0.2219642245306152,-0.47957078304258416,-0.44759714185456223,-0.4931071252875273,0,-0.5579397802308043,0,0,1,0,1,0,0,1,0,0,1,0,0,1,0,0
-0.14717660551433984,0.5107854493944685,-0.44759714185456223,0.4286817088026953,1,0.08329287608275462,1,0,0,0,1,0,0,1,0,0,1,0,0,0,0,1
1.1990005367786167,0.5107854493944685,-0.44759714185456223,2.076852421032827,0,0.08329287608275462,1,0,0,1,0,0,0,1,0,0,0,1,0,0,0,1
-1.9420794619049486,0.5107854493944685,0.7123885203279295,-0.12582389394636206,1,0.7245255323963136,0,1,0,0,1,0,0,1,1,0,0,0,0,0,0,1
-0.8202651766608181,-0.47957078304258416,-0.44759714185456223,-0.4992455636943435,0,-0.5579397802308043,0,0,1,1,0,0,1,0,0,1,0,0,0,1,0,0
-0.2219642245306152,-0.47957078304258416,-0.44759714185456223,-0.4962622826286308,0,-0.5579397802308043,0,0,1,0,1,0,0,1,0,0,1,0,0,1,0,0
-1.7551104143642602,2.491497914268573,0.7123885203279295,-0.13673599128754557,0,2.0069908450234317,0,0,1,0,1,0,0,1,1,0,0,0,0,0,1,0
1.4233633938274428,-0.47957078304258416,-0.44759714185456223,-0.12727256541037066,1,-0.5579397802308043,1,0,0,1,0,0,0,1,0,0,0,1,0,1,0,0
1.4233633938274428,0.5107854493944685,3.032359844692913,0.0455408449105883,0,2.0069908450234317,0,0,1,1,0,0,0,1,0,0,0,1,0,0,1,0
0.9746376797297905,-0.47957078304258416,-0.44759714185456223,-0.39182289157506117,0,-0.5579397802308043,0,1,0,0,1,0,0,1,0,0,0,0,1,1,0,0
0.15197387055076161,-0.47957078304258416,-0.44759714185456223,-0.5099878309062716,0,-0.5579397802308043,0,0,1,1,0,1,0,0,0,0,0,1,0,1,0,0
-0.37153946256316595,0.5107854493944685,-0.44759714185456223,-0.12582389394636206,0,0.08329287608275462,0,1,0,1,0,0,0,1,0,0,0,1,0,0,0,1
-0.595902319611992,-0.47957078304258416,-0.44759714185456223,-0.4987340271604422,0,-0.5579397802308043,0,0,1,0,1,0,0,1,0,0,1,0,0,1,0,0
-0.8202651766608181,2.491497914268573,0.7123885203279295,-0.13673599128754557,0,2.0069908450234317,0,0,1,1,0,0,0,1,0,1,0,0,0,0,1,0
0.45112434661586304,0.5107854493944685,-0.44759714185456223,1.1837096328410797,1,0.08329287608275462,1,0,0,1,0,0,0,1,0,0,0,1,0,0,0,1
-1.7925042238723978,3.4818541467056257,1.8723741825104212,-0.01558777089062237,0,3.2894561576505494,0,0,1,0,1,0,0,1,1,0,0,0,0,0,1,0
-0.4463270815794413,-0.47957078304258416,-0.44759714185456223,-0.4962622826286308,0,-0.5579397802308043,0,0,1,0,1,0,0,1,0,0,1,0,0,1,0,0
-0.29675184354689055,-0.47957078304258416,-0.44759714185456223,-0.4962622826286308,0,-0.5579397802308043,0,0,1,0,1,0,0,1,0,0,1,0,0,1,0,0
-0.2219642245306152,-0.47957078304258416,-0.44759714185456223,-0.5156147327791866,0,-0.5579397802308043,0,0,1,0,1,0,1,0,0,0,1,0,0,1,0,0
-0.595902319611992,-0.47957078304258416,-0.44759714185456223,-0.4931071252875273,0,-0.5579397802308043,0,0,1,0,1,0,0,1,0,0,1,0,0,1,0,0
0.6006995846484138,-0.47957078304258416,0.7123885203279295,-0.050116486928963117,1,0.08329287608275462,1,0,0,0,1,1,0,0,0,0,1,0,0,0,0,1
0.15197387055076161,0.5107854493944685,9.992273817787863,0.7652727481097799,0,5.854386782904785,0,0,1,1,0,0,0,1,0,0,0,1,0,0,1,0
-1.1194156527259196,3.4818541467056257,0.7123885203279295,0.154242358364624,0,2.6482235013369904,0,0,1,0,1,0,0,1,0,0,1,0,0,0,1,0
-0.37153946256316595,-0.47957078304258416,-0.44759714185456223,-0.39182289157506117,0,-0.5579397802308043,0,1,0,1,0,0,0,1,0,1,0,0,0,1,0,0
1.3485757748111673,-0.47957078304258416,-0.44759714185456223,-0.5094762943723704,0,-0.5579397802308043,0,0,1,0,1,0,0,1,0,0,1,0,0,1,0,0
0.5259119656321384,-0.47957078304258416,-0.44759714185456223,-0.39182289157506117,1,-0.5579397802308043,0,1,0,1,0,0,0,1,0,0,0,1,0,1,0,0
0.5259119656321384,-0.47957078304258416,-0.44759714185456223,-0.4634380063212494,0,-0.5579397802308043,0,0,1,0,1,0,0,1,0,0,1,0,0,1,0,0
-0.5211147005957166,-0.47957078304258416,0.7123885203279295,0.557588915345834,0,0.08329287608275462,1,0,0,1,0,1,0,0,0,1,0,0,0,0,0,1
-0.14717660551433984,0.5107854493944685,-0.44759714185456223,-0.3742608192931602,0,0.08329287608275462,0,1,0,1,0,1,0,0,0,1,0,0,0,0,0,1
-0.2219642245306152,-0.47957078304258416,-0.44759714185456223,-0.4962622826286308,0,-0.5579397802308043,0,0,1,0,1,0,0,1,0,0,1,0,0,1,0,0
0.30154910858331235,-0.47957078304258416,-0.44759714185456223,-0.4962622826286308,0,-0.5579397802308043,0,0,1,0,1,0,0,1,0,0,1,0,0,1,0,0
-0.5211147005957166,-0.47957078304258416,-0.44759714185456223,-0.5120339770418771,0,-0.5579397802308043,0,0,1,0,1,0,0,1,0,0,1,0,0,1,0,0
-0.4463270815794413,-0.47957078304258416,-0.44759714185456223,-0.4971134794210427,0,-0.5579397802308043,0,0,1,0,1,0,0,1,0,0,1,0,0,1,0,0
-0.29675184354689055,-0.47957078304258416,-0.44759714185456223,-0.4983084287642362,0,-0.5579397802308043,0,0,1,0,1,0,0,1,0,0,1,0,0,1,0,0
-2.141762404678404,-0.47957078304258416,1.8723741825104212,-0.3631768456765859,0,0.7245255323963136,0,0,1,0,1,0,0,1,1,0,0,0,0,0,0,1
0.6754872036646892,0.5107854493944685,5.352331169057896,-0.01558777089062237,0,3.2894561576505494,0,0,1,1,0,0,0,1,0,0,0,1,0,0,1,0
1.2363943462867544,-0.47957078304258416,-0.44759714185456223,-0.5099878309062716,0,-0.5579397802308043,0,0,1,0,1,1,0,0,0,0,1,0,0,1,0,0
3.0686910121855004,-0.47957078304258416,-0.44759714185456223,-0.4429765449651956,0,-0.5579397802308043,0,1,0,0,1,0,0,1,0,0,1,0,0,1,0,0
-0.37153946256316595,-0.47957078304258416,3.032359844692913,-0.26376892797046986,0,1.3657581887098726,0,0,1,1,0,1,0,0,0,0,0,1,0,0,0,1
-1.1942032717421949,3.4818541467056257,1.8723741825104212,-0.01558777089062237,0,3.2894561576505494,0,0,1,0,1,0,0,1,1,0,0,0,0,0,1,0
0.9746376797297905,-0.47957078304258416,-0.44759714185456223,0.21179021842852522,1,-0.5579397802308043,1,0,0,0,1,0,0,1,0,0,1,0,0,1,0,0
-0.07238898649806448,-0.47957078304258416,-0.44759714185456223,-0.4931071252875273,0,-0.5579397802308043,0,0,1,0,1,0,0,1,0,0,1,0,0,1,0,0
1.872089107925095,-0.47957078304258416,-0.44759714185456223,0.40336065037457863,1,-0.5579397802308043,1,0,0,0,1,0,0,1,0,0,1,0,0,1,0,0
-1.2689908907584704,0.5107854493944685,-0.44759714185456223,-0.4278002790774105,0,0.08329287608275462,0,0,1,0,1,1,0,0,1,0,0,0,0,0,0,1
0.0023986325182108795,-0.47957078304258416,-0.44759714185456223,-0.4931071252875273,0,-0.5579397802308043,0,0,1,0,1,0,0,1,0,0,1,0,0,1,0,0
2.4703900600552977,-0.47957078304258416,-0.44759714185456223,-0.11457009020053248,0,-0.5579397802308043,1,0,0,0,1,0,0,1,0,0,1,0,0,1,0,0
0.6754872036646892,-0.47957078304258416,-0.44759714185456223,-0.39182289157506117,0,-0.5579397802308043,0,1,0,1,0,0,0,1,0,1,0,0,0,1,0,0
-0.8202651766608181,0.5107854493944685,-0.44759714185456223,-0.3406692381849267,0,0.08329287608275462,0,0,1,1,0,0,1,0,0,1,0,0,0,0,0,1
0.07718625153448624,0.5107854493944685,0.7123885203279295,-0.16367759745506158,0,0.7245255323963136,0,0,1,1,0,0,0,1,0,0,0,1,0,0,0,1
-0.6706899386282674,-0.47957078304258416,-0.44759714185456223,-0.5099018927685763,0,-0.5579397802308043,0,0,1,0,1,1,0,0,0,0,1,0,0,1,0,0
1.498151012843718,0.5107854493944685,-0.44759714185456223,1.1653802557583268,1,0.08329287608275462,1,0,0,0,1,1,0,0,0,0,1,0,0,0,0,1
0.6754872036646892,3.4818541467056257,1.8723741825104212,-0.4987340271604422,0,3.2894561576505494,0,0,1,1,0,0,0,1,0,1,0,0,0,0,1,0
-0.5211147005957166,0.5107854493944685,-0.44759714185456223,0.7049114371094211,1,0.08329287608275462,1,0,0,1,0,0,0,1,0,0,0,1,0,0,0,1
-0.07238898649806448,-0.47957078304258416,-0.44759714185456223,-0.4634380063212494,0,-0.5579397802308043,0,0,1,0,1,0,0,1,0,0,1,0,0,1,0,0
-0.14717660551433984,-0.47957078304258416,-0.44759714185456223,-0.12582389394636206,0,-0.5579397802308043,0,1,0,0,1,0,0,1,0,0,1,0,0,1,0,0
0.7128810131728268,-0.47957078304258416,-0.44759714185456223,-0.5094762943723704,0,-0.5579397802308043,0,0,1,0,1,0,0,1,0,0,1,0,0,1,0,0
-2.016867080921224,0.5107854493944685,0.7123885203279295,-0.12582389394636206,0,0.7245255323963136,0,1,0,1,0,0,0,1,0,1,0,0,0,0,0,1
-0.5211147005957166,-0.47957078304258416,-0.44759714185456223,-0.4983084287642362,0,-0.5579397802308043,0,0,1,0,1,0,0,1,0,0,1,0,0,1,0,0
-0.8202651766608181,-0.47957078304258416,-0.44759714185456223,-0.4987340271604422,0,-0.5579397802308043,0,0,1,1,0,0,0,1,0,1,0,0,0,1,0,0
-0.37153946256316595,-0.47957078304258416,-0.44759714185456223,-0.511692270637231,0,-0.5579397802308043,0,0,1,0,1,0,0,1,0,0,1,0,0,1,0,0
0.8998500607135153,-0.47957078304258416,-0.44759714185456223,2.0942446631854725,1,-0.5579397802308043,1,0,0,1,0,1,0,0,0,1,0,0,0,1,0,0
0.7502748226809645,-0.47957078304258416,-0.44759714185456223,-0.39182289157506117,0,-0.5579397802308043,0,1,0,0,1,0,0,1,0,0,1,0,0,1,0,0
-1.418566128791021,4.472210379142679,1.8723741825104212,0.3018206483951618,0,3.9306888139641085,0,0,1,1,0,0,0,1,0,1,0,0,0,0,1,0
-0.595902319611992,-0.47957078304258416,-0.44759714185456223,-0.4805744802069444,0,-0.5579397802308043,0,0,1,0,1,0,0,1,0,0,1,0,0,1,0,0
1.049425298746066,-0.47957078304258416,-0.44759714185456223,-0.5258454634572134,0,-0.5579397802308043,0,0,1,0,1,0,0,1,0,0,1,0,0,1,0,0
-1.4933537478072965,1.5011416818315209,1.8723741825104212,0.0455408449105883,0,2.0069908450234317,0,0,1,1,0,0,0,1,0,1,0,0,0,0,1,0
-0.5211147005957166,-0.47957078304258416,-0.44759714185456223,-0.4931071252875273,0,-0.5579397802308043,0,0,1,0,1,0,0,1,0,0,1,0,0,1,0,0
-1.4933537478072965,3.4818541467056257,1.8723741825104212,-0.017889685293178435,0,3.2894561576505494,0,0,1,1,0,0,0,1,0,1,0,0,0,0,1,0
-0.2219642245306152,-0.47957078304258416,-0.44759714185456223,-0.4931071252875273,0,-0.5579397802308043,0,0,1,0,1,0,0,1,0,0,1,0,0,1,0,0
-0.4463270815794413,-0.47957078304258416,-0.44759714185456223,-0.39182289157506117,0,-0.5579397802308043,0,1,0,0,1,0,0,1,0,0,1,0,0,1,0,0
-0.9698404146933688,-0.47957078304258416,0.7123885203279295,0.5285172710511528,1,0.08329287608275462,1,0,0,1,0,1,0,0,0,1,0,0,0,0,0,1
0.07718625153448624,-0.47957078304258416,-0.44759714185456223,-0.6578218892037603,0,-0.5579397802308043,0,1,0,0,1,0,0,1,0,0,1,0,0,1,0,0
0.45112434661586304,0.5107854493944685,0.7123885203279295,-0.24347729674367127,0,0.7245255323963136,0,0,1,1,0,0,0,1,0,0,0,1,0,0,0,1
-0.7454775576445427,-0.47957078304258416,-0.44759714185456223,-0.4429765449651956,0,-0.5579397802308043,0,1,0,0,1,0,0,1,0,0,1,0,0,1,0,0
-2.016867080921224,3.4818541467056257,0.7123885203279295,-0.06188182720869402,0,2.6482235013369904,0,0,1,0,1,0,1,0,1,0,0,0,0,0,1,0
-1.7551104143642602,0.5107854493944685,0.7123885203279295,-0.3611306995409805,0,0.7245255323963136,0,0,1,0,1,0,0,1,1,0,0,0,0,0,0,1
0.5259119656321384,-0.47957078304258416,1.8723741825104212,-0.33248465364250523,0,0.7245255323963136,0,0,1,1,0,0,0,1,0,0,0,1,0,0,0,1
2.320814822022747,-0.47957078304258416,-0.44759714185456223,0.9032177821338877,1,-0.5579397802308043,1,0,0,1,0,1,0,0,0,0,0,1,0,1,0,0
-2.0976377094588012,0.5107854493944685,1.8723741825104212,-0.09001633657326796,0,1.3657581887098726,0,1,0,1,0,0,0,1,0,1,0,0,0,0,0,1
-0.2219642245306152,-0.47957078304258416,-0.44759714185456223,-0.4997571002282448,0,-0.5579397802308043,0,0,1,0,1,0,1,0,0,0,1,0,0,1,0,0
0.6754872036646892,-0.47957078304258416,-0.44759714185456223,-0.5099018927685763,0,-0.5579397802308043,0,0,1,1,0,1,0,0,0,0,0,1,0,1,0,0
-0.8202651766608181,-0.47957078304258416,-0.44759714185456223,-0.39182289157506117,0,-0.5579397802308043,0,1,0,0,1,0,0,1,0,0,1,0,0,1,0,0
1.1990005367786167,-0.47957078304258416,-0.44759714185456223,-0.5099878309062716,0,-0.5579397802308043,0,0,1,1,0,1,0,0,0,0,0,1,0,1,0,0
-0.2219642245306152,-0.47957078304258416,-0.44759714185456223,-0.4962622826286308,0,-0.5579397802308043,0,0,1,0,1,0,0,1,0,0,1,0,0,1,0,0
0.8250624416972399,0.5107854493944685,-0.44759714185456223,-0.46394954285515067,0,0.08329287608275462,0,0,1,1,0,0,0,1,0,0,0,1,0,0,0,1
-0.2219642245306152,-0.47957078304258416,-0.44759714185456223,-0.4931071252875273,0,-0.5579397802308043,0,0,1,0,1,0,0,1,0,0,1,0,0,1,0,0
-0.07238898649806448,-0.47957078304258416,0.7123885203279295,0.017406335546014357,0,0.08329287608275462,0,1,0,0,1,0,0,1,0,0,0,0,1,0,0,1
-0.7454775576445427,-0.47957078304258416,1.8723741825104212,-0.12002716194419202,1,0.7245255323963136,1,0,0,1,0,0,0,1,0,1,0,0,0,0,0,1
0.6006995846484138,0.5107854493944685,-0.44759714185456223,-0.12582389394636206,0,0.08329287608275462,0,1,0,0,1,0,0,1,0,0,1,0,0,0,0,1
-0.5211147005957166,-0.47957078304258416,-0.44759714185456223,2.44311257930619,0,-0.5579397802308043,1,0,0,1,0,0,0,1,0,1,0,0,0,1,0,0
1.872089107925095,-0.47957078304258416,0.7123885203279295,0.9235933053522458,1,0.08329287608275462,1,0,0,0,1,0,0,1,0,0,1,0,0,0,0,1
1.3485757748111673,0.5107854493944685,-0.44759714185456223,3.997672105832375,1,0.08329287608275462,1,0,0,0,1,1,0,0,0,0,0,0,1,0,0,1
-0.5211147005957166,-0.47957078304258416,-0.44759714185456223,0.154242358364624,0,-0.5579397802308043,0,0,1,1,0,0,0,1,0,1,0,0,0,1,0,0
-0.29675184354689055,-0.47957078304258416,-0.44759714185456223,-0.39182289157506117,0,-0.5579397802308043,0,1,0,0,1,0,0,1,0,0,1,0,0,1,0,0
0.3763367275995877,0.5107854493944685,-0.44759714185456223,-0.22813120072663096,0,0.08329287608275462,0,1,0,0,1,0,0,1,0,0,1,0,0,0,0,1
-0.8202651766608181,-0.47957078304258416,-0.44759714185456223,-0.4931071252875273,0,-0.5579397802308043,0,0,1,1,0,0,0,1,0,1,0,0,0,1,0,0
0.5259119656321384,-0.47957078304258416,0.7123885203279295,9.825182238174186,1,0.08329287608275462,1,0,0,0,1,1,0,0,0,0,1,0,0,0,0,1
-0.07238898649806448,-0.47957078304258416,-0.44759714185456223,-0.3815921608970343,0,-0.5579397802308043,0,1,0,0,1,0,0,1,0,0,1,0,0,1,0,0
2.4703900600552977,-0.47957078304258416,-0.44759714185456223,-0.4596014823169893,0,-0.5579397802308043,0,1,0,0,1,0,1,0,0,0,1,0,0,1,0,0
-0.5211147005957166,-0.47957078304258416,-0.44759714185456223,-0.45653226311358125,0,-0.5579397802308043,0,0,1,1,0,0,0,1,0,1,0,0,0,1,0,0
-0.37153946256316595,1.5011416818315209,0.7123885203279295,-0.1053624325903083,0,1.3657581887098726,0,1,0,1,0,0,0,1,0,0,0,1,0,0,0,1
-0.14717660551433984,-0.47957078304258416,-0.44759714185456223,-0.4962622826286308,0,-0.5579397802308043,0,0,1,0,1,0,0,1,0,0,1,0,0,1,0,0
-1.082021843217782,0.5107854493944685,-0.44759714185456223,-0.36206783447108776,0,0.08329287608275462,0,0,1,1,0,1,0,0,0,1,0,0,0,0,0,1
1.1242129177623412,-0.47957078304258416,-0.44759714185456223,-0.4931071252875273,0,-0.5579397802308043,0,0,1,0,1,0,0,1,0,0,1,0,0,1,0,0
0.15197387055076161,0.5107854493944685,-0.44759714185456223,-0.3619839424795279,0,0.08329287608275462,0,0,1,1,0,1,0,0,0,0,0,1,0,0,0,1
0.22676148956703696,-0.47957078304258416,-0.44759714185456223,-0.3815921608970343,0,-0.5579397802308043,0,1,0,0,1,0,0,1,0,0,1,0,0,1,0,0
-1.7551104143642602,-0.47957078304258416,-0.44759714185456223,-0.5099018927685763,0,-0.5579397802308043,0,0,1,0,1,1,0,0,1,0,0,0,0,1,0,0
-0.4463270815794413,0.5107854493944685,-0.44759714185456223,1.6599501459032313,1,0.08329287608275462,1,0,0,1,0,1,0,0,0,1,0,0,0,0,0,1
-1.9420794619049486,0.5107854493944685,0.7123885203279295,-0.33248465364250523,0,0.7245255323963136,0,0,1,0,1,0,0,1,1,0,0,0,0,0,0,1
0.07718625153448624,-0.47957078304258416,-0.44759714185456223,-0.5099878309062716,0,-0.5579397802308043,0,0,1,0,1,1,0,0,0,0,1,0,0,1,0,0
-0.595902319611992,0.5107854493944685,-0.44759714185456223,-0.4225150836091418,0,0.08329287608275462,0,1,0,0,1,0,0,1,0,0,1,0,0,0,0,1
1.1990005367786167,-0.47957078304258416,0.7123885203279295,0.6385815178315017,1,0.08329287608275462,1,0,0,1,0,1,0,0,0,0,0,1,0,0,0,1
-0.8202651766608181,1.5011416818315209,-0.44759714185456223,-0.18209291267550995,0,0.7245255323963136,0,0,1,1,0,0,1,0,0,1,0,0,0,0,0,1
2.545177679071573,-0.47957078304258416,-0.44759714185456223,-0.4616476284525947,0,-0.5579397802308043,0,0,1,1,0,0,0,1,0,0,0,1,0,1,0,0
-0.2219642245306152,-0.47957078304258416,-0.44759714185456223,-0.5099018927685763,0,-0.5579397802308043,0,0,1,0,1,1,0,0,0,0,1,0,0,1,0,0
0.15197387055076161,-0.47957078304258416,-0.44759714185456223,-0.4971134794210427,0,-0.5579397802308043,0,0,1,1,0,0,0,1,0,1,0,0,0,1,0,0
0.07718625153448624,-0.47957078304258416,-0.44759714185456223,-0.4634380063212494,0,-0.5579397802308043,0,0,1,0,1,0,0,1,0,0,1,0,0,1,0,0
1.1242129177623412,0.5107854493944685,-0.44759714185456223,-0.12582389394636206,0,0.08329287608275462,0,1,0,0,1,0,0,1,0,0,1,0,0,0,0,1
0.07718625153448624,-0.47957078304258416,-0.44759714185456223,-0.3943805742445679,0,-0.5579397802308043,0,1,0,0,1,0,0,1,0,0,1,0,0,1,0,0
1.273788155794892,-0.47957078304258416,-0.44759714185456223,-0.12582389394636206,0,-0.5579397802308043,1,0,0,0,1,0,0,1,0,0,1,0,0,1,0,0
0.07718625153448624,-0.47957078304258416,-0.44759714185456223,0.5070327366272964,1,-0.5579397802308043,1,0,0,1,0,1,0,0,0,1,0,0,0,1,0,0
0.0023986325182108795,-0.47957078304258416,-0.44759714185456223,-0.4429765449651956,0,-0.5579397802308043,0,1,0,0,1,0,0,1,0,0,1,0,0,1,0,0
0.3763367275995877,-0.47957078304258416,-0.44759714185456223,-0.39182289157506117,0,-0.5579397802308043,0,1,0,0,1,0,0,1,0,0,1,0,0,1,0,0
1.049425298746066,-0.47957078304258416,-0.44759714185456223,-0.4962622826286308,0,-0.5579397802308043,0,0,1,0,1,0,0,1,0,0,1,0,0,1,0,0
-0.4463270815794413,2.491497914268573,1.8723741825104212,4.723542447438383,1,2.6482235013369904,1,0,0,1,0,0,0,1,0,1,0,0,0,0,1,0
-0.8202651766608181,-0.47957078304258416,-0.44759714185456223,-0.45644632497588583,0,-0.5579397802308043,0,0,1,1,0,0,0,1,0,1,0,0,0,1,0,0
0.15197387055076161,0.5107854493944685,-0.44759714185456223,1.6599501459032313,1,0.08329287608275462,1,0,0,1,0,1,0,0,0,1,0,0,0,0,0,1
0.07718625153448624,-0.47957078304258416,-0.44759714185456223,-0.4931071252875273,0,-0.5579397802308043,0,0,1,0,1,0,0,1,0,0,1,0,0,1,0,0
0.07718625153448624,-0.47957078304258416,-0.44759714185456223,-0.3498768957951509,0,-0.5579397802308043,0,1,0,0,1,1,0,0,0,0,1,0,0,1,0,0
-0.8202651766608181,-0.47957078304258416,-0.44759714185456223,-0.49950133196129415,0,-0.5579397802308043,0,0,1,1,0,0,1,0,0,1,0,0,0,1,0,0
-0.37153946256316595,-0.47957078304258416,-0.44759714185456223,-0.4931071252875273,0,-0.5579397802308043,0,0,1,0,1,0,0,1,0,0,1,0,0,1,0,0
0.8998500607135153,-0.47957078304258416,-0.44759714185456223,0.1524519804959693,0,-0.5579397802308043,1,0,0,0,1,0,0,1,0,0,1,0,0,1,0,0
-0.2219642245306152,-0.47957078304258416,-0.44759714185456223,-0.4987340271604422,0,-0.5579397802308043,0,0,1,0,1,0,0,1,0,0,1,0,0,1,0,0
0.8250624416972399,-0.47957078304258416,-0.44759714185456223,-0.6578218892037603,1,-0.5579397802308043,1,0,0,0,1,0,0,1,0,0,1,0,0,1,0,0
-0.5211147005957166,-0.47957078304258416,-0.44759714185456223,-0.4429765449651956,1,-0.5579397802308043,0,1,0,1,0,0,0,1,0,0,0,1,0,1,0,0
-1.4933537478072965,0.5107854493944685,0.7123885203279295,-0.3458705416616356,0,0.7245255323963136,0,0,1,1,0,1,0,0,0,1,0,0,0,0,0,1
-0.37153946256316595,-0.47957078304258416,-0.44759714185456223,-0.3815921608970343,0,-0.5579397802308043,0,1,0,0,1,0,0,1,0,0,1,0,0,1,0,0
0.8998500607135153,-0.47957078304258416,-0.44759714185456223,-0.6578218892037603,0,-0.5579397802308043,1,0,0,0,1,0,0,1,0,0,1,0,0,1,0,0
0.22676148956703696,-0.47957078304258416,-0.44759714185456223,-0.4931071252875273,1,-0.5579397802308043,0,0,1,0,1,0,0,1,0,0,1,0,0,1,0,0
-0.8202651766608181,-0.47957078304258416,-0.44759714185456223,-0.4225150836091418,0,-0.5579397802308043,0,1,0,0,1,0,0,1,0,0,1,0,0,1,0,0
-0.8950527956770935,-0.47957078304258416,-0.44759714185456223,-0.4429765449651956,0,-0.5579397802308043,0,1,0,1,0,0,0,1,0,1,0,0,0,1,0,0
0.07718625153448624,-0.47957078304258416,-0.44759714185456223,-0.34996283393284633,1,-0.5579397802308043,0,1,0,0,1,1,0,0,0,0,1,0,0,1,0,0
1.049425298746066,0.5107854493944685,-0.44759714185456223,-0.09061381124486473,1,0.08329287608275462,1,0,0,0,1,1,0,0,0,0,1,0,0,0,0,1
1.7225138698925442,0.5107854493944685,0.7123885203279295,1.2553247475872678,1,0.7245255323963136,1,0,0,1,0,0,0,1,0,0,0,1,0,0,0,1
2.096451964973921,0.5107854493944685,0.7123885203279295,2.7155917217463506,0,0.7245255323963136,1,0,0,0,1,0,0,1,0,0,1,0,0,0,0,1
-0.2219642245306152,-0.47957078304258416,-0.44759714185456223,-0.49182828395277395,0,-0.5579397802308043,0,0,1,0,1,0,0,1,0,0,1,0,0,1,0,0
-0.2219642245306152,-0.47957078304258416,-0.44759714185456223,-0.5094762943723704,0,-0.5579397802308043,0,0,1,0,1,0,0,1,0,0,1,0,0,1,0,0
0.07718625153448624,-0.47957078304258416,-0.44759714185456223,-0.39182289157506117,0,-0.5579397802308043,0,1,0,1,0,0,0,1,0,1,0,0,0,1,0,0
0.45112434661586304,-0.47957078304258416,-0.44759714185456223,-0.11457009020053248,0,-0.5579397802308043,1,0,0,0,1,1,0,0,0,0,1,0,0,1,0,0
-0.8202651766608181,-0.47957078304258416,-0.44759714185456223,-0.49131674741887266,0,-0.5579397802308043,0,0,1,1,0,0,1,0,0,1,0,0,0,1,0,0
-0.29675184354689055,0.5107854493944685,-0.44759714185456223,0.47659631286016635,1,0.08329287608275462,1,0,0,1,0,1,0,0,0,0,0,1,0,0,0,1
-1.8672918428886731,-0.47957078304258416,0.7123885203279295,-0.3832966006279936,0,0.08329287608275462,0,0,1,1,0,1,0,0,0,1,0,0,0,0,0,1
-0.5211147005957166,1.5011416818315209,-0.44759714185456223,-0.013285856488066305,0,0.7245255323963136,0,1,0,0,1,0,0,1,0,0,1,0,0,0,0,1
-0.595902319611992,-0.47957078304258416,-0.44759714185456223,-0.4225150836091418,0,-0.5579397802308043,0,1,0,0,1,0,0,1,0,0,1,0,0,1,0,0
-0.595902319611992,-0.47957078304258416,-0.44759714185456223,-0.3283923613712944,0,-0.5579397802308043,0,0,1,0,1,0,0,1,0,0,1,0,0,1,0,0
-0.2219642245306152,0.5107854493944685,-0.44759714185456223,-0.16367759745506158,0,0.08329287608275462,0,0,1,0,1,0,1,0,0,0,1,0,0,0,0,1
-0.2219642245306152,0.5107854493944685,-0.44759714185456223,-0.36206783447108776,0,0.08329287608275462,0,0,1,0,1,1,0,0,0,0,1,0,0,0,0,1
-1.7177166048561225,2.491497914268573,0.7123885203279295,-0.22659659112492694,0,2.0069908450234317,0,0,1,0,1,0,0,1,1,0,0,0,0,0,1,0
-0.8950527956770935,-0.47957078304258416,-0.44759714185456223,-0.4962622826286308,0,-0.5579397802308043,0,0,1,0,1,0,0,1,0,0,1,0,0,1,0,0
-0.7828713671526805,-0.47957078304258416,-0.44759714185456223,-0.5099018927685763,0,-0.5579397802308043,0,0,1,0,1,1,0,0,0,0,1,0,0,1,0,0
-1.0446280337096443,-0.47957078304258416,1.8723741825104212,0.14017510368233702,0,0.7245255323963136,0,1,0,1,0,0,0,1,0,1,0,0,0,0,0,1
0.7502748226809645,-0.47957078304258416,0.7123885203279295,-0.3832966006279936,0,0.08329287608275462,0,0,1,0,1,1,0,0,0,0,1,0,0,0,0,1
-0.2219642245306152,0.5107854493944685,-0.44759714185456223,-0.3283923613712944,0,0.08329287608275462,0,0,1,0,1,0,0,1,0,0,1,0,0,0,0,1
0.22676148956703696,0.5107854493944685,-0.44759714185456223,-0.12582389394636206,0,0.08329287608275462,0,1,0,0,1,0,0,1,0,0,1,0,0,0,0,1
-0.7454775576445427,2.491497914268573,1.8723741825104212,4.723542447438383,1,2.6482235013369904,1,0,0,0,1,0,0,1,0,0,1,0,0,0,1,0
-0.8202651766608181,-0.47957078304258416,-0.44759714185456223,-0.4966019428871413,0,-0.5579397802308043,0,0,1,1,0,0,1,0,0,1,0,0,0,1,0,0
0.07718625153448624,0.5107854493944685,-0.44759714185456223,-0.16674681665846963,0,0.08329287608275462,0,1,0,0,1,1,0,0,0,0,1,0,0,0,0,1
-0.8202651766608181,-0.47957078304258416,-0.44759714185456223,-0.4966019428871413,0,-0.5579397802308043,0,0,1,1,0,0,1,0,0,1,0,0,0,1,0,0
0.7502748226809645,-0.47957078304258416,-0.44759714185456223,-0.49566480795703405,0,-0.5579397802308043,0,0,1,0,1,0,0,1,0,0,1,0,0,1,0,0
-0.595902319611992,0.5107854493944685,-0.44759714185456223,-0.4225150836091418,0,0.08329287608275462,0,1,0,0,1,0,0,1,0,0,1,0,0,0,0,1
2.1712395839901966,-0.47957078304258416,1.8723741825104212,1.6599501459032313,1,0.7245255323963136,1,0,0,0,1,1,0,0,0,0,1,0,0,0,0,1
-1.7551104143642602,0.5107854493944685,0.7123885203279295,-0.3458705416616356,0,0.7245255323963136,0,0,1,0,1,1,0,0,1,0,0,0,0,0,0,1
0.9746376797297905,0.5107854493944685,-0.44759714185456223,-0.1053624325903083,0,0.08329287608275462,0,1,0,0,1,0,0,1,0,0,1,0,0,0,0,1
-0.37153946256316595,-0.47957078304258416,-0.44759714185456223,-0.39182289157506117,0,-0.5579397802308043,0,1,0,0,1,0,0,1,0,0,1,0,0,1,0,0
-1.1942032717421949,-0.47957078304258416,-0.44759714185456223,-0.5099018927685763,0,-0.5579397802308043,0,0,1,1,0,1,0,0,0,1,0,0,0,1,0,0
0.3763367275995877,-0.47957078304258416,0.7123885203279295,-0.1872082780145234,0,0.08329287608275462,0,1,0,1,0,0,0,1,0,0,0,1,0,0,0,1
-0.37153946256316595,-0.47957078304258416,-0.44759714185456223,-0.4767379562026843,0,-0.5579397802308043,0,0,1,1,0,0,0,1,0,1,0,0,0,1,0,0
-0.9698404146933688,-0.47957078304258416,-0.44759714185456223,-0.4634380063212494,0,-0.5579397802308043,0,0,1,0,1,0,0,1,0,0,1,0,0,1,0,0
-0.14717660551433984,0.5107854493944685,-0.44759714185456223,-0.22813120072663096,0,0.08329287608275462,0,1,0,1,0,0,0,1,0,0,0,1,0,0,0,1
-0.07238898649806448,-0.47957078304258416,-0.44759714185456223,-0.4634380063212494,0,-0.5579397802308043,0,0,1,0,1,0,0,1,0,0,1,0,0,1,0,0
-0.2219642245306152,-0.47957078304258416,-0.44759714185456223,-0.4962622826286308,0,-0.5579397802308043,0,0,1,0,1,0,0,1,0,0,1,0,0,1,0,0
2.6199652980878483,0.5107854493944685,-0.44759714185456223,0.8819030778392863,1,0.08329287608275462,1,0,0,0,1,1,0,0,0,0,1,0,0,0,0,1
1.984270536449508,-0.47957078304258416,-0.44759714185456223,-0.4931071252875273,0,-0.5579397802308043,0,0,1,0,1,0,0,1,0,0,1,0,0,1,0,0
-0.2219642245306152,-0.47957078304258416,-0.44759714185456223,-0.4429765449651956,0,-0.5579397802308043,0,1,0,0,1,0,0,1,0,0,1,0,0,1,0,0
-0.2219642245306152,-0.47957078304258416,-0.44759714185456223,-0.4987340271604422,0,-0.5579397802308043,0,0,1,0,1,0,0,1,0,0,1,0,0,1,0,0
-0.8950527956770935,-0.47957078304258416,-0.44759714185456223,-0.4805744802069444,0,-0.5579397802308043,0,0,1,0,1,0,0,1,0,0,1,0,0,1,0,0
0.0023986325182108795,-0.47957078304258416,-0.44759714185456223,-0.4987340271604422,0,-0.5579397802308043,0,0,1,0,1,0,0,1,0,0,1,0,0,1,0,0
0.6006995846484138,-0.47957078304258416,-0.44759714185456223,-0.4992455636943435,0,-0.5579397802308043,0,0,1,1,0,0,1,0,0,1,0,0,0,1,0,0
2.6199652980878483,0.5107854493944685,0.7123885203279295,-0.11457009020053248,1,0.7245255323963136,1,0,0,1,0,0,0,1,0,0,0,1,0,0,0,1
0.8998500607135153,-0.47957078304258416,-0.44759714185456223,-0.13110908941463073,0,-0.5579397802308043,1,0,0,0,1,1,0,0,0,0,1,0,0,1,0,0
-1.7551104143642602,0.5107854493944685,0.7123885203279295,-0.3458705416616356,0,0.7245255323963136,0,0,1,0,1,1,0,0,1,0,0,0,0,0,0,1
-0.2219642245306152,-0.47957078304258416,-0.44759714185456223,-0.4992455636943435,0,-0.5579397802308043,0,0,1,0,1,0,1,0,0,0,1,0,0,1,0,0
0.30154910858331235,-0.47957078304258416,-0.44759714185456223,-0.40665745105820017,0,-0.5579397802308043,0,1,0,0,1,0,0,1,0,0,1,0,0,1,0,0
1.872089107925095,-0.47957078304258416,-0.44759714185456223,-0.12582389394636206,0,-0.5579397802308043,0,1,0,0,1,0,0,1,0,0,1,0,0,1,0,0
-0.8202651766608181,2.491497914268573,0.7123885203279295,-0.13673599128754557,0,2.0069908450234317,0,0,1,1,0,0,0,1,0,1,0,0,0,0,1,0
0.45112434661586304,-0.47957078304258416,-0.44759714185456223,9.825182238174186,0,-0.5579397802308043,1,0,0,1,0,1,0,0,0,1,0,0,0,1,0,0
1.1990005367786167,-0.47957078304258416,-0.44759714185456223,0.9627258501956989,0,-0.5579397802308043,1,0,0,1,0,1,0,0,0,0,0,1,0,1,0,0
2.6947529171041236,-0.47957078304258416,0.7123885203279295,0.6103631164753679,1,0.08329287608275462,1,0,0,0,1,1,0,0,0,0,1,0,0,0,0,1
-0.595902319611992,-0.47957078304258416,-0.44759714185456223,-0.5094762943723704,0,-0.5579397802308043,0,0,1,0,1,0,0,1,0,0,1,0,0,1,0,0
-0.595902319611992,1.5011416818315209,1.8723741825104212,4.71075403409085,1,2.0069908450234317,1,0,0,1,0,1,0,0,0,1,0,0,0,0,1,0
1.647726250876269,-0.47957078304258416,0.7123885203279295,0.5980862396617356,0,0.08329287608275462,1,0,0,0,1,1,0,0,0,0,1,0,0,0,0,1
-1.7925042238723978,3.4818541467056257,1.8723741825104212,-0.01558777089062237,0,3.2894561576505494,0,0,1,1,0,0,0,1,0,1,0,0,0,0,1,0
-0.5211147005957166,-0.47957078304258416,-0.44759714185456223,-0.4744360418001283,0,-0.5579397802308043,0,0,1,1,0,0,0,1,0,1,0,0,0,1,0,0
-0.2219642245306152,-0.47957078304258416,-0.44759714185456223,-0.4992455636943435,0,-0.5579397802308043,0,0,1,0,1,0,1,0,0,0,1,0,0,1,0,0
3.5174167262831526,0.5107854493944685,-0.44759714185456223,0.9555643387210798,1,0.08329287608275462,1,0,0,1,0,0,0,1,0,0,0,1,0,0,0,1
-0.07238898649806448,-0.47957078304258416,-0.44759714185456223,-0.4962622826286308,0,-0.5579397802308043,0,0,1,0,1,0,0,1,0,0,1,0,0,1,0,0
-0.6706899386282674,0.5107854493944685,0.7123885203279295,-0.3357237029751685,0,0.7245255323963136,0,0,1,0,1,1,0,0,0,0,1,0,0,0,0,1
-0.2219642245306152,-0.47957078304258416,-0.44759714185456223,-0.4992455636943435,0,-0.5579397802308043,0,0,1,0,1,0,1,0,0,0,1,0,0,1,0,0
-0.595902319611992,-0.47957078304258416,-0.44759714185456223,-0.4971134794210427,0,-0.5579397802308043,0,0,1,0,1,0,0,1,0,0,1,0,0,1,0,0
0.15197387055076161,-0.47957078304258416,4.192345506875404,-0.13673599128754557,0,2.0069908450234317,0,0,1,1,0,0,0,1,0,0,0,1,0,0,1,0
-0.2219642245306152,-0.47957078304258416,-0.44759714185456223,-0.2734021839768999,0,-0.5579397802308043,0,0,1,0,1,1,0,0,0,0,1,0,0,1,0,0
0.6754872036646892,0.5107854493944685,-0.44759714185456223,0.8007385990782279,1,0.08329287608275462,1,0,0,1,0,1,0,0,0,0,0,1,0,0,0,1
0.15197387055076161,0.5107854493944685,-0.44759714185456223,0.4061741013110361,1,0.08329287608275462,1,0,0,0,1,0,0,1,0,0,1,0,0,0,0,1
0.8998500607135153,-0.47957078304258416,-0.44759714185456223,-0.1273585035480661,0,-0.5579397802308043,1,0,0,0,1,0,0,1,0,0,1,0,0,1,0,0
0.22676148956703696,-0.47957078304258416,-0.44759714185456223,0.49816473927558275,0,-0.5579397802308043,0,0,1,0,1,0,0,1,0,0,1,0,0,1,0,0
-1.418566128791021,2.491497914268573,1.8723741825104212,-0.08694711736985992,0,2.6482235013369904,0,0,1,0,1,0,0,1,1,0,0,0,0,0,1,0
0.7502748226809645,0.5107854493944685,-0.44759714185456223,0.8007385990782279,1,0.08329287608275462,1,0,0,0,1,1,0,0,0,0,1,0,0,0,0,1
-0.5211147005957166,1.5011416818315209,-0.44759714185456223,-0.4805744802069444,0,0.7245255323963136,0,0,1,1,0,0,0,1,0,1,0,0,0,0,0,1
-1.0446280337096443,0.5107854493944685,-0.44759714185456223,-0.36206783447108776,0,0.08329287608275462,0,0,1,1,0,1,0,0,0,0,0,1,0,0,0,1
-0.9698404146933688,-0.47957078304258416,-0.44759714185456223,1.1120945180948913,1,-0.5579397802308043,1,0,0,1,0,0,0,1,0,1,0,0,0,1,0,0
-0.6706899386282674,0.5107854493944685,-0.44759714185456223,-0.4567880313805319,0,0.08329287608275462,0,0,1,1,0,0,0,1,0,1,0,0,0,0,0,1
0.26415529907517465,-0.47957078304258416,-0.44759714185456223,-0.39182289157506117,1,-0.5579397802308043,0,1,0,1,0,0,0,1,0,1,0,0,0,1,0,0
-0.4463270815794413,1.5011416818315209,0.7123885203279295,-0.4225150836091418,0,1.3657581887098726,0,1,0,0,1,0,0,1,0,0,1,0,0,0,0,1
0.45112434661586304,-0.47957078304258416,-0.44759714185456223,-0.4992455636943435,0,-0.5579397802308043,0,0,1,1,0,0,1,0,0,1,0,0,0,1,0,0
-0.29675184354689055,0.5107854493944685,-0.44759714185456223,0.47659631286016635,1,0.08329287608275462,1,0,0,0,1,1,0,0,0,0,1,0,0,0,0,1
-1.8672918428886731,-0.47957078304258416,1.8723741825104212,-0.20715820283667585,0,0.7245255323963136,0,0,1,1,0,0,0,1,0,1,0,0,0,0,0,1
-0.2219642245306152,-0.47957078304258416,-0.44759714185456223,-0.4992455636943435,0,-0.5579397802308043,0,0,1,0,1,0,1,0,0,0,1,0,0,1,0,0
-0.2219642245306152,-0.47957078304258416,-0.44759714185456223,-0.5099018927685763,0,-0.5579397802308043,0,0,1,0,1,1,0,0,0,0,1,0,0,1,0,0
-0.2219642245306152,-0.47957078304258416,-0.44759714185456223,-0.3611306995409805,0,-0.5579397802308043,0,0,1,0,1,0,0,1,0,0,1,0,0,1,0,0
-0.2219642245306152,0.5107854493944685,0.7123885203279295,-0.12582389394636206,0,0.7245255323963136,0,1,0,1,0,0,0,1,0,0,0,1,0,0,0,1
1.1990005367786167,-0.47957078304258416,-0.44759714185456223,-0.009535270621501666,0,-0.5579397802308043,1,0,0,1,0,0,0,1,0,0,0,1,0,1,0,0
-0.7454775576445427,-0.47957078304258416,-0.44759714185456223,-0.4987340271604422,0,-0.5579397802308043,0,0,1,0,1,0,0,1,0,0,1,0,0,1,0,0
-0.2219642245306152,-0.47957078304258416,-0.44759714185456223,-0.5033378559655542,0,-0.5579397802308043,0,0,1,0,1,0,0,1,0,0,1,0,0,1,0,0
-0.8202651766608181,0.5107854493944685,-0.44759714185456223,-0.36206783447108776,0,0.08329287608275462,0,0,1,0,1,1,0,0,0,0,1,0,0,0,0,1
-0.2219642245306152,0.5107854493944685,0.7123885203279295,-0.20715820283667585,0,0.7245255323963136,0,0,1,1,0,0,0,1,0,0,0,1,0,0,0,1
-0.14717660551433984,-0.47957078304258416,-0.44759714185456223,-0.39182289157506117,0,-0.5579397802308043,0,1,0,0,1,0,0,1,0,0,0,0,1,1,0,0
-0.2219642245306152,0.5107854493944685,-0.44759714185456223,-0.36206783447108776,0,0.08329287608275462,0,0,1,0,1,1,0,0,0,0,1,0,0,0,0,1
-0.2219642245306152,-0.47957078304258416,-0.44759714185456223,-0.4962622826286308,0,-0.5579397802308043,0,0,1,0,1,0,0,1,0,0,1,0,0,1,0,0
-0.5211147005957166,-0.47957078304258416,-0.44759714185456223,-0.44263483856054947,0,-0.5579397802308043,0,0,1,1,0,0,0,1,0,1,0,0,0,1,0,0
-0.29675184354689055,-0.47957078304258416,-0.44759714185456223,-0.4962622826286308,0,-0.5579397802308043,0,0,1,0,1,0,0,1,0,0,1,0,0,1,0,0
-0.595902319611992,-0.47957078304258416,-0.44759714185456223,-0.4931071252875273,0,-0.5579397802308043,0,0,1,0,1,0,0,1,0,0,1,0,0,1,0,0
-0.2219642245306152,-0.47957078304258416,-0.44759714185456223,-0.5033378559655542,0,-0.5579397802308043,0,0,1,0,1,0,0,1,0,0,1,0,0,1,0,0
0.6754872036646892,-0.47957078304258416,0.7123885203279295,2.4822451241496424,1,0.08329287608275462,1,0,0,0,1,0,0,1,0,0,1,0,0,0,0,1
1.872089107925095,0.5107854493944685,0.7123885203279295,1.0171185529184965,1,0.7245255323963136,1,0,0,1,0,0,0,1,0,0,0,1,0,0,0,1
-0.29675184354689055,-0.47957078304258416,-0.44759714185456223,-0.5099018927685763,1,-0.5579397802308043,0,0,1,0,1,1,0,0,0,0,1,0,0,1,0,0
0.0023986325182108795,-0.47957078304258416,-0.44759714185456223,-0.46377971272589547,0,-0.5579397802308043,0,0,1,0,1,0,0,1,0,0,1,0,0,1,0,0
0.8998500607135153,-0.47957078304258416,-0.44759714185456223,-0.09061381124486473,0,-0.5579397802308043,1,0,0,0,1,1,0,0,0,0,1,0,0,1,0,0
1.3485757748111673,-0.47957078304258416,-0.44759714185456223,0.20974407229291983,0,-0.5579397802308043,1,0,0,0,1,0,0,1,0,0,1,0,0,1,0,0
-2.016867080921224,-0.47957078304258416,0.7123885203279295,-0.40640168279124944,0,0.08329287608275462,0,0,1,1,0,0,0,1,0,1,0,0,0,0,0,1
-0.14717660551433984,-0.47957078304258416,1.8723741825104212,3.6697771876016136,1,0.7245255323963136,1,0,0,0,1,1,0,0,0,0,1,0,0,0,0,1
0.8998500607135153,-0.47957078304258416,-0.44759714185456223,-0.029740963710604786,0,-0.5579397802308043,1,0,0,0,1,1,0,0,0,0,1,0,0,1,0,0
-0.37153946256316595,-0.47957078304258416,-0.44759714185456223,-0.4634380063212494,0,-0.5579397802308043,0,0,1,0,1,0,0,1,0,0,1,0,0,1,0,0
-0.5211147005957166,-0.47957078304258416,-0.44759714185456223,-0.4962622826286308,0,-0.5579397802308043,0,0,1,0,1,0,0,1,0,0,1,0,0,1,0,0
-0.29675184354689055,0.5107854493944685,0.7123885203279295,-0.04397804852214697,0,0.7245255323963136,0,1,0,1,0,0,0,1,0,1,0,0,0,0,0,1
-0.29675184354689055,0.5107854493944685,1.8723741825104212,0.19294930481187092,0,1.3657581887098726,0,1,0,0,1,1,0,0,0,0,1,0,0,0,0,1
1.1990005367786167,0.5107854493944685,0.7123885203279295,-0.12070852860734863,0,0.7245255323963136,0,1,0,1,0,0,0,1,0,0,0,1,0,0,0,1
1.1990005367786167,0.5107854493944685,-0.44759714185456223,2.340207797854324,1,0.08329287608275462,1,0,0,1,0,1,0,0,0,0,0,1,0,0,0,1
0.30154910858331235,0.5107854493944685,-0.44759714185456223,1.1837096328410797,1,0.08329287608275462,1,0,0,1,0,0,1,0,0,1,0,0,0,0,0,1
-0.8202651766608181,-0.47957078304258416,-0.44759714185456223,-0.4986480890227467,0,-0.5579397802308043,0,0,1,1,0,0,1,0,0,1,0,0,0,1,0,0
-0.5211147005957166,0.5107854493944685,-0.44759714185456223,-0.5094762943723704,0,0.08329287608275462,0,0,1,0,1,0,0,1,0,0,1,0,0,0,0,1
-0.8202651766608181,-0.47957078304258416,0.7123885203279295,-0.36206783447108776,0,0.08329287608275462,0,0,1,1,0,1,0,0,0,1,0,0,0,0,0,1
-1.7925042238723978,1.5011416818315209,0.7123885203279295,-0.26376892797046986,0,1.3657581887098726,0,0,1,1,0,1,0,0,0,1,0,0,0,0,0,1
0.9746376797297905,-0.47957078304258416,-0.44759714185456223,-0.11994122380649658,1,-0.5579397802308043,1,0,0,0,1,0,0,1,0,0,1,0,0,1,0,0
0.07718625153448624,-0.47957078304258416,-0.44759714185456223,-0.5017173082261548,0,-0.5579397802308043,0,0,1,1,0,0,1,0,0,1,0,0,0,1,0,0
-0.4463270815794413,0.5107854493944685,-0.44759714185456223,-0.3734075763546128,0,0.08329287608275462,0,0,1,0,1,0,0,1,0,0,1,0,0,0,0,1
-0.8202651766608181,-0.47957078304258416,-0.44759714185456223,-0.4987340271604422,0,-0.5579397802308043,0,0,1,0,1,0,0,1,0,0,1,0,0,1,0,0
-0.7454775576445427,-0.47957078304258416,-0.44759714185456223,-0.12582389394636206,0,-0.5579397802308043,0,1,0,1,0,0,0,1,0,1,0,0,0,1,0,0
-0.9698404146933688,0.5107854493944685,0.7123885203279295,-0.24347729674367127,0,0.7245255323963136,0,0,1,0,1,0,0,1,0,0,1,0,0,0,0,1
-0.2219642245306152,-0.47957078304258416,-0.44759714185456223,-0.4992455636943435,0,-0.5579397802308043,0,0,1,0,1,0,1,0,0,0,1,0,0,1,0,0
0.15197387055076161,2.491497914268573,-0.44759714185456223,-0.2895155847947923,0,1.3657581887098726,0,0,1,0,1,0,0,1,0,0,1,0,0,0,0,1
0.30154910858331235,0.5107854493944685,1.8723741825104212,-0.09001633657326796,0,1.3657581887098726,0,1,0,1,0,0,0,1,0,0,0,1,0,0,0,1
-0.595902319611992,-0.47957078304258416,-0.44759714185456223,-0.49566480795703405,0,-0.5579397802308043,0,0,1,0,1,0,0,1,0,0,1,0,0,1,0,0
-0.2219642245306152,-0.47957078304258416,-0.44759714185456223,-0.4992455636943435,0,-0.5579397802308043,0,0,1,0,1,0,1,0,0,0,1,0,0,1,0,0
-0.14717660551433984,-0.47957078304258416,1.8723741825104212,-0.43001830148840675,0,0.7245255323963136,0,0,1,1,0,0,0,1,0,0,0,1,0,0,0,1
-0.2219642245306152,-0.47957078304258416,-0.44759714185456223,0.49816473927558275,0,-0.5579397802308043,0,0,1,0,1,0,0,1,0,0,1,0,0,1,0,0
-0.8202651766608181,0.5107854493944685,-0.44759714185456223,-0.3406692381849267,0,0.08329287608275462,0,0,1,1,0,0,1,0,0,1,0,0,0,0,0,1
-1.5681413668235717,-0.47957078304258416,1.8723741825104212,0.0071756048679874705,0,0.7245255323963136,0,1,0,0,1,0,0,1,1,0,0,0,0,0,0,1
-0.5211147005957166,-0.47957078304258416,-0.44759714185456223,-0.4931071252875273,0,-0.5579397802308043,0,0,1,0,1,0,0,1,0,0,1,0,0,1,0,0
0.22676148956703696,-0.47957078304258416,-0.44759714185456223,-0.4992455636943435,0,-0.5579397802308043,0,0,1,0,1,0,1,0,0,0,1,0,0,1,0,0
0.6754872036646892,-0.47957078304258416,-0.44759714185456223,-0.5135685866435811,0,-0.5579397802308043,0,0,1,0,1,0,0,1,0,0,1,0,0,1,0,0
1.1990005367786167,0.5107854493944685,-0.44759714185456223,1.1653802557583268,1,0.08329287608275462,1,0,0,1,0,1,0,0,0,0,0,1,0,0,0,1
-0.2219642245306152,-0.47957078304258416,-0.44759714185456223,-0.4931071252875273,0,-0.5579397802308043,0,0,1,0,1,0,0,1,0,0,1,0,0,1,0,0
-0.2219642245306152,-0.47957078304258416,-0.44759714185456223,-0.4992455636943435,0,-0.5579397802308043,0,0,1,0,1,0,1,0,0,0,1,0,0,1,0,0
-2.091654699937499,0.5107854493944685,1.8723741825104212,-0.23682732180295382,0,1.3657581887098726,0,0,1,0,1,0,0,1,1,0,0,0,0,0,0,1
0.5259119656321384,-0.47957078304258416,-0.44759714185456223,-0.6578218892037603,0,-0.5579397802308043,0,0,1,0,1,0,0,1,0,0,1,0,0,1,0,0
-0.37153946256316595,-0.47957078304258416,-0.44759714185456223,0.9627258501956989,1,-0.5579397802308043,1,0,0,0,1,1,0,0,0,0,1,0,0,1,0,0
-1.7551104143642602,7.443279076453836,1.8723741825104212,0.7652727481097799,0,5.854386782904785,0,0,1,0,1,0,0,1,1,0,0,0,0,0,1,0
-0.595902319611992,-0.47957078304258416,-0.44759714185456223,-0.4983084287642362,0,-0.5579397802308043,0,0,1,0,1,0,0,1,0,0,1,0,0,1,0,0
-2.091654699937499,0.5107854493944685,0.7123885203279295,-0.43001830148840675,0,0.7245255323963136,0,0,1,1,0,0,0,1,0,1,0,0,0,0,0,1
-0.2219642245306152,0.5107854493944685,-0.44759714185456223,-0.24927402874584134,0,0.08329287608275462,0,0,1,0,1,0,0,1,0,0,1,0,0,0,0,1
-0.6706899386282674,-0.47957078304258416,-0.44759714185456223,-0.49566480795703405,0,-0.5579397802308043,0,0,1,0,1,0,0,1,0,0,1,0,0,1,0,0
1.4233633938274428,0.5107854493944685,-0.44759714185456223,1.5197891356142628,1,0.08329287608275462,1,0,0,1,0,1,0,0,0,0,0,1,0,0,0,1
0.0023986325182108795,-0.47957078304258416,1.8723741825104212,-0.1872082780145234,0,0.7245255323963136,0,1,0,1,0,0,0,1,0,0,0,1,0,0,0,1
-1.5681413668235717,3.4818541467056257,0.7123885203279295,-0.06188182720869402,0,2.6482235013369904,0,0,1,0,1,0,1,0,1,0,0,0,0,0,1,0
0.45112434661586304,0.5107854493944685,-0.44759714185456223,0.5238275041083453,1,0.08329287608275462,1,0,0,1,0,1,0,0,0,0,0,1,0,0,0,1
0.22676148956703696,-0.47957078304258416,-0.44759714185456223,0.49816473927558275,0,-0.5579397802308043,0,0,1,0,1,0,0,1,0,0,1,0,0,1,0,0
-0.37153946256316595,0.5107854493944685,1.8723741825104212,0.6721730989397352,0,1.3657581887098726,0,1,0,1,0,0,0,1,0,1,0,0,0,0,0,1
-0.14717660551433984,-0.47957078304258416,-0.44759714185456223,-0.4962622826286308,0,-0.5579397802308043,0,0,1,0,1,0,0,1,0,0,1,0,0,1,0,0
-2.110351604691568,1.5011416818315209,0.7123885203279295,-0.26376892797046986,0,1.3657581887098726,0,0,1,1,0,1,0,0,0,1,0,0,0,0,0,1
1.1990005367786167,-0.47957078304258416,-0.44759714185456223,0.0685599889361488,1,-0.5579397802308043,1,0,0,0,1,0,0,1,0,0,1,0,0,1,0,0
0.8998500607135153,-0.47957078304258416,-0.44759714185456223,-0.03374731784412008,1,-0.5579397802308043,1,0,0,0,1,0,0,1,0,0,1,0,0,1,0,0
0.11458006104262393,-0.47957078304258416,-0.44759714185456223,-0.4992455636943435,0,-0.5579397802308043,0,0,1,1,0,0,1,0,0,1,0,0,0,1,0,0
1.1990005367786167,0.5107854493944685,-0.44759714185456223,0.41751384319456114,1,0.08329287608275462,1,0,0,1,0,0,0,1,0,0,0,1,0,0,0,1
0.8998500607135153,-0.47957078304258416,-0.44759714185456223,-0.4971994175587381,0,-0.5579397802308043,0,0,1,0,1,0,0,1,0,0,1,0,0,1,0,0
1.1990005367786167,-0.47957078304258416,-0.44759714185456223,-0.3815921608970343,0,-0.5579397802308043,0,1,0,1,0,0,0,1,0,0,0,1,0,1,0,0
-1.1942032717421949,-0.47957078304258416,1.8723741825104212,-0.24347729674367127,0,0.7245255323963136,0,0,1,0,1,0,0,1,1,0,0,0,0,0,0,1
-2.091654699937499,3.4818541467056257,0.7123885203279295,0.154242358364624,0,2.6482235013369904,0,0,1,0,1,0,0,1,1,0,0,0,0,0,1,0
0.8998500607135153,-0.47957078304258416,-0.44759714185456223,-0.04397804852214697,1,-0.5579397802308043,1,0,0,0,1,0,0,1,0,0,1,0,0,1,0,0
0.5259119656321384,0.5107854493944685,1.8723741825104212,1.7975534735226928,1,1.3657581887098726,1,0,0,1,0,0,0,1,0,0,0,1,0,0,0,1
-0.2219642245306152,-0.47957078304258416,-0.44759714185456223,-0.4931071252875273,0,-0.5579397802308043,0,0,1,0,1,0,0,1,0,0,1,0,0,1,0,0
0.8998500607135153,-0.47957078304258416,-0.44759714185456223,-0.03374731784412008,1,-0.5579397802308043,1,0,0,0,1,0,0,1,0,0,1,0,0,1,0,0
0.22676148956703696,-0.47957078304258416,-0.44759714185456223,-0.4429765449651956,0,-0.5579397802308043,0,1,0,0,1,0,0,1,0,0,1,0,0,1,0,0
-0.6706899386282674,-0.47957078304258416,-0.44759714185456223,0.09413681563121602,0,-0.5579397802308043,0,1,0,1,0,0,0,1,0,1,0,0,0,1,0,0
-0.14717660551433984,0.5107854493944685,-0.44759714185456223,-0.36206783447108776,0,0.08329287608275462,0,0,1,0,1,1,0,0,0,0,1,0,0,0,0,1
1.7973014889088197,-0.47957078304258416,-0.44759714185456223,-0.09624071311777956,0,-0.5579397802308043,1,0,0,1,0,1,0,0,0,0,0,1,0,1,0,0
0.07718625153448624,-0.47957078304258416,-0.44759714185456223,-0.39719402518102526,0,-0.5579397802308043,0,1,0,0,1,1,0,0,0,0,1,0,0,1,0,0
-1.5681413668235717,-0.47957078304258416,1.8723741825104212,-0.12070852860734863,0,0.7245255323963136,0,1,0,1,0,0,0,1,0,1,0,0,0,0,0,1
-1.8672918428886731,-0.47957078304258416,1.8723741825104212,1.0171185529184965,1,0.7245255323963136,1,0,0,0,1,0,0,1,1,0,0,0,0,0,0,1
2.320814822022747,0.5107854493944685,-0.44759714185456223,-0.12582389394636206,0,0.08329287608275462,0,1,0,1,0,0,0,1,0,0,0,1,0,0,0,1
-0.8202651766608181,-0.47957078304258416,-0.44759714185456223,-0.4992455636943435,0,-0.5579397802308043,0,0,1,1,0,0,1,0,0,1,0,0,0,1,0,0
-0.07238898649806448,-0.47957078304258416,-0.44759714185456223,-0.4962622826286308,0,-0.5579397802308043,0,0,1,0,1,0,0,1,0,0,1,0,0,1,0,0
0.15197387055076161,-0.47957078304258416,-0.44759714185456223,-0.49958727009898957,0,-0.5579397802308043,0,0,1,0,1,0,1,0,0,0,1,0,0,1,0,0
0.0023986325182108795,0.5107854493944685,-0.44759714185456223,-0.12582389394636206,0,0.08329287608275462,0,1,0,1,0,0,0,1,0,0,0,1,0,0,0,1
0.07718625153448624,-0.47957078304258416,-0.44759714185456223,-0.39182289157506117,0,-0.5579397802308043,0,1,0,0,1,0,0,1,0,0,1,0,0,1,0,0
-0.4089332720713036,-0.47957078304258416,-0.44759714185456223,-0.5099018927685763,0,-0.5579397802308043,0,0,1,0,1,1,0,0,0,0,1,0,0,1,0,0
0.0023986325182108795,-0.47957078304258416,-0.44759714185456223,-0.04397804852214697,1,-0.5579397802308043,1,0,0,0,1,0,0,1,0,0,1,0,0,1,0,0
-0.4463270815794413,-0.47957078304258416,-0.44759714185456223,-0.34996283393284633,0,-0.5579397802308043,0,1,0,0,1,1,0,0,0,0,1,0,0,1,0,0
-0.29675184354689055,-0.47957078304258416,-0.44759714185456223,-0.4429765449651956,0,-0.5579397802308043,0,1,0,0,1,0,0,1,0,0,1,0,0,1,0,0
-0.2219642245306152,-0.47957078304258416,-0.44759714185456223,-0.4962622826286308,0,-0.5579397802308043,0,0,1,0,1,0,0,1,0,0,1,0,0,1,0,0
-0.2219642245306152,-0.47957078304258416,-0.44759714185456223,-0.5099878309062716,0,-0.5579397802308043,0,0,1,0,1,1,0,0,0,0,1,0,0,1,0,0
-1.0446280337096443,0.5107854493944685,0.7123885203279295,-0.5099018927685763,0,0.7245255323963136,0,0,1,0,1,1,0,0,0,0,1,0,0,0,0,1
-0.37153946256316595,0.5107854493944685,-0.44759714185456223,-0.3335077267103079,0,0.08329287608275462,0,0,1,1,0,0,0,1,0,0,0,1,0,0,0,1
-0.2219642245306152,-0.47957078304258416,-0.44759714185456223,-0.5094762943723704,0,-0.5579397802308043,0,0,1,0,1,0,0,1,0,0,1,0,0,1,0,0
0.07718625153448624,-0.47957078304258416,-0.44759714185456223,-0.023516587166093193,0,-0.5579397802308043,1,0,0,1,0,1,0,0,0,1,0,0,0,1,0,0
-0.2219642245306152,-0.47957078304258416,-0.44759714185456223,-0.4931071252875273,0,-0.5579397802308043,0,0,1,0,1,0,0,1,0,0,1,0,0,1,0,0
2.096451964973921,-0.47957078304258416,-0.44759714185456223,-0.4051228414564961,0,-0.5579397802308043,0,1,0,0,1,0,1,0,0,0,0,0,1,1,0,0
-0.07238898649806448,-0.47957078304258416,-0.44759714185456223,-0.4429765449651956,0,-0.5579397802308043,0,1,0,0,1,0,0,1,0,0,1,0,0,1,0,0
2.096451964973921,-0.47957078304258416,-0.44759714185456223,-0.4429765449651956,1,-0.5579397802308043,0,1,0,1,0,0,0,1,0,0,0,1,0,1,0,0
-0.37153946256316595,-0.47957078304258416,-0.44759714185456223,-0.4931071252875273,0,-0.5579397802308043,0,0,1,0,1,0,0,1,0,0,1,0,0,1,0,0
-0.8950527956770935,0.5107854493944685,0.7123885203279295,-0.5099018927685763,0,0.7245255323963136,0,0,1,0,1,1,0,0,0,0,1,0,0,0,0,1
0.0023986325182108795,-0.47957078304258416,-0.44759714185456223,-0.4992455636943435,0,-0.5579397802308043,0,0,1,0,1,0,1,0,0,0,1,0,0,1,0,0
-0.29675184354689055,-0.47957078304258416,-0.44759714185456223,-0.4994153938235987,0,-0.5579397802308043,0,0,1,0,1,0,1,0,0,0,1,0,0,1,0,0
1.5729386318599934,-0.47957078304258416,0.7123885203279295,-0.12582389394636206,0,0.08329287608275462,0,1,0,1,0,0,0,1,0,0,0,1,0,0,0,1
1.498151012843718,0.5107854493944685,0.7123885203279295,1.6110124687779575,1,0.7245255323963136,1,0,0,0,1,1,0,0,0,0,1,0,0,0,0,1
-0.2219642245306152,-0.47957078304258416,1.8723741825104212,-0.37596525902411954,0,0.7245255323963136,0,0,1,1,0,0,0,1,0,0,0,1,0,0,0,1
1.872089107925095,0.5107854493944685,-0.44759714185456223,0.9436291683120939,1,0.08329287608275462,1,0,0,1,0,1,0,0,0,1,0,0,0,0,0,1
-0.07238898649806448,-0.47957078304258416,-0.44759714185456223,-0.11457009020053248,1,-0.5579397802308043,1,0,0,0,1,0,0,1,0,0,1,0,0,1,0,0
0.22676148956703696,0.5107854493944685,-0.44759714185456223,-0.3335077267103079,0,0.08329287608275462,0,0,1,0,1,0,0,1,0,0,1,0,0,0,0,1
-0.2219642245306152,-0.47957078304258416,-0.44759714185456223,-0.5028263194316529,0,-0.5579397802308043,0,0,1,0,1,0,0,1,0,0,1,0,0,1,0,0
3.106084821693638,-0.47957078304258416,-0.44759714185456223,-0.4992455636943435,0,-0.5579397802308043,0,0,1,0,1,0,1,0,0,0,1,0,0,1,0,0
-0.5211147005957166,-0.47957078304258416,-0.44759714185456223,2.117433637340288,0,-0.5579397802308043,1,0,0,0,1,1,0,0,0,0,1,0,0,1,0,0
0.5259119656321384,-0.47957078304258416,-0.44759714185456223,-0.4429765449651956,0,-0.5579397802308043,0,1,0,0,1,0,0,1,0,0,1,0,0,1,0,0
1.647726250876269,-0.47957078304258416,0.7123885203279295,0.1483596882247585,1,0.08329287608275462,1,0,0,1,0,0,0,1,0,0,0,1,0,0,0,1
0.9746376797297905,0.5107854493944685,-0.44759714185456223,0.41751384319456114,1,0.08329287608275462,1,0,0,0,1,0,0,1,0,0,1,0,0,0,0,1
-0.14717660551433984,-0.47957078304258416,-0.44759714185456223,0.9121696714771612,1,-0.5579397802308043,1,0,0,0,1,1,0,0,0,0,1,0,0,1,0,0
0.8998500607135153,-0.47957078304258416,-0.44759714185456223,0.4061741013110361,1,-0.5579397802308043,1,0,0,0,1,0,0,1,0,0,1,0,0,1,0,0
-1.8672918428886731,2.491497914268573,1.8723741825104212,-0.08694711736985992,0,2.6482235013369904,0,0,1,0,1,0,0,1,1,0,0,0,0,0,1,0
0.5259119656321384,0.5107854493944685,-0.44759714185456223,-0.3017924616084246,0,0.08329287608275462,0,0,1,1,0,0,0,1,0,0,0,1,0,0,0,1
0.8250624416972399,0.5107854493944685,-0.44759714185456223,-0.12582389394636206,0,0.08329287608275462,0,1,0,0,1,0,0,1,0,0,1,0,0,0,0,1
1.1990005367786167,-0.47957078304258416,-0.44759714185456223,-0.4992455636943435,0,-0.5579397802308043,0,0,1,1,0,0,0,1,0,1,0,0,0,1,0,0
-0.07238898649806448,-0.47957078304258416,-0.44759714185456223,0.49816473927558275,0,-0.5579397802308043,0,0,1,0,1,0,0,1,0,0,1,0,0,1,0,0
-0.5211147005957166,-0.47957078304258416,-0.44759714185456223,-0.5099018927685763,0,-0.5579397802308043,0,0,1,0,1,1,0,0,0,0,1,0,0,1,0,0
-0.595902319611992,-0.47957078304258416,-0.44759714185456223,-0.5012917098299489,0,-0.5579397802308043,0,0,1,1,0,0,0,1,0,1,0,0,0,1,0,0
0.22676148956703696,-0.47957078304258416,-0.44759714185456223,-0.48671291861376054,0,-0.5579397802308043,0,0,1,0,1,0,0,1,0,0,1,0,0,1,0,0
-0.2219642245306152,-0.47957078304258416,-0.44759714185456223,-0.39182289157506117,0,-0.5579397802308043,0,1,0,0,1,0,0,1,0,0,1,0,0,1,0,0
-0.37153946256316595,-0.47957078304258416,-0.44759714185456223,-0.4805744802069444,0,-0.5579397802308043,0,0,1,0,1,0,0,1,0,0,1,0,0,1,0,0
-0.7454775576445427,-0.47957078304258416,-0.44759714185456223,-0.4051228414564961,1,-0.5579397802308043,0,1,0,1,0,0,1,0,0,1,0,0,0,1,0,0
-0.07238898649806448,-0.47957078304258416,-0.44759714185456223,-0.12582389394636206,0,-0.5579397802308043,0,1,0,0,1,0,0,1,0,0,1,0,0,1,0,0
-0.2219642245306152,-0.47957078304258416,-0.44759714185456223,-0.4992455636943435,0,-0.5579397802308043,0,0,1,0,1,0,1,0,0,0,1,0,0,1,0,0
0.5259119656321384,-0.47957078304258416,-0.44759714185456223,-0.11789507767089125,1,-0.5579397802308043,1,0,0,0,1,0,0,1,0,0,1,0,0,1,0,0
0.8250624416972399,-0.47957078304258416,-0.44759714185456223,-0.5099878309062716,0,-0.5579397802308043,0,0,1,0,1,1,0,0,0,0,1,0,0,1,0,0
0.45112434661586304,-0.47957078304258416,-0.44759714185456223,-0.22813120072663096,0,-0.5579397802308043,0,1,0,1,0,0,0,1,0,1,0,0,0,1,0,0
0.7502748226809645,-0.47957078304258416,-0.44759714185456223,-0.39182289157506117,0,-0.5579397802308043,0,1,0,0,1,0,0,1,0,0,1,0,0,1,0,0
-0.37153946256316595,-0.47957078304258416,-0.44759714185456223,-0.4992455636943435,0,-0.5579397802308043,0,0,1,1,0,0,1,0,0,1,0,0,0,1,0,0
0.9746376797297905,0.5107854493944685,0.7123885203279295,0.0071756048679874705,0,0.7245255323963136,0,1,0,0,1,0,0,1,0,0,1,0,0,0,0,1
-0.2219642245306152,-0.47957078304258416,-0.44759714185456223,-0.5099878309062716,0,-0.5579397802308043,0,0,1,0,1,1,0,0,0,0,1,0,0,1,0,0
0.8250624416972399,-0.47957078304258416,-0.44759714185456223,-0.33555387284591326,0,-0.5579397802308043,0,1,0,1,0,0,0,1,0,0,0,1,0,1,0,0
1.273788155794892,-0.47957078304258416,-0.44759714185456223,0.9627258501956989,1,-0.5579397802308043,1,0,0,0,1,1,0,0,0,0,1,0,0,1,0,0
-0.8950527956770935,-0.47957078304258416,-0.44759714185456223,-0.4805744802069444,0,-0.5579397802308043,0,0,1,0,1,0,0,1,0,0,1,0,0,1,0,0
0.9746376797297905,0.5107854493944685,-0.44759714185456223,-0.12582389394636206,0,0.08329287608275462,0,1,0,1,0,0,0,1,0,0,0,1,0,0,0,1
-0.2219642245306152,0.5107854493944685,-0.44759714185456223,-0.3283923613712944,0,0.08329287608275462,0,0,1,0,1,0,0,1,0,0,1,0,0,0,0,1
-0.9698404146933688,-0.47957078304258416,0.7123885203279295,0.1483596882247585,1,0.08329287608275462,1,0,0,1,0,0,0,1,0,1,0,0,0,0,0,1
-1.9420794619049486,2.491497914268573,0.7123885203279295,-0.22659659112492694,0,2.0069908450234317,0,0,1,1,0,0,0,1,0,1,0,0,0,0,1,0
0.7502748226809645,-0.47957078304258416,5.352331169057896,-0.06188182720869402,0,2.6482235013369904,0,0,1,1,0,0,1,0,0,0,0,1,0,0,1,0
1.4233633938274428,0.5107854493944685,0.7123885203279295,0.9627258501956989,1,0.7245255323963136,1,0,0,1,0,1,0,0,0,0,0,1,0,0,0,1
0.5259119656321384,-0.47957078304258416,3.032359844692913,0.14017510368233702,1,1.3657581887098726,0,1,0,1,0,0,0,1,0,0,0,1,0,0,0,1
0.5259119656321384,-0.47957078304258416,-0.44759714185456223,-0.11994122380649658,1,-0.5579397802308043,1,0,0,0,1,0,0,1,0,0,1,0,0,1,0,0
-1.1194156527259196,-0.47957078304258416,-0.44759714185456223,-0.46906490819416413,0,-0.5579397802308043,0,0,1,0,1,0,0,1,0,0,1,0,0,1,0,0
0.22676148956703696,-0.47957078304258416,-0.44759714185456223,-0.39182289157506117,0,-0.5579397802308043,0,1,0,0,1,0,0,1,0,0,1,0,0,1,0,0
-0.7454775576445427,-0.47957078304258416,-0.44759714185456223,-0.4962622826286308,0,-0.5579397802308043,0,0,1,0,1,0,0,1,0,0,1,0,0,1,0,0
0.0023986325182108795,0.5107854493944685,0.7123885203279295,-0.44374384976604764,1,0.7245255323963136,0,0,1,1,0,0,0,1,0,0,0,1,0,0,0,1
-0.6706899386282674,-0.47957078304258416,-0.44759714185456223,-0.4971134794210427,0,-0.5579397802308043,0,0,1,1,0,0,0,1,0,1,0,0,0,1,0,0
-0.8950527956770935,-0.47957078304258416,-0.44759714185456223,0.30591294066637265,0,-0.5579397802308043,1,0,0,0,1,0,0,1,0,0,1,0,0,1,0,0
-0.8202651766608181,7.443279076453836,1.8723741825104212,0.7652727481097799,0,5.854386782904785,0,0,1,1,0,0,0,1,0,1,0,0,0,0,1,0
1.3485757748111673,0.5107854493944685,-0.44759714185456223,0.5939080092528294,1,0.08329287608275462,1,0,0,1,0,0,0,1,0,0,0,1,0,0,0,1
-0.8202651766608181,-0.47957078304258416,-0.44759714185456223,-0.4879917599485139,0,-0.5579397802308043,0,0,1,0,1,0,0,1,0,0,1,0,0,1,0,0
-0.2219642245306152,-0.47957078304258416,-0.44759714185456223,-0.5135685866435811,0,-0.5579397802308043,0,0,1,0,1,0,0,1,0,0,1,0,0,1,0,0
-0.37153946256316595,-0.47957078304258416,-0.44759714185456223,0.7601573827707664,1,-0.5579397802308043,1,0,0,1,0,1,0,0,0,0,0,0,1,1,0,0
-0.14717660551433984,-0.47957078304258416,-0.44759714185456223,-0.350218602199797,0,-0.5579397802308043,0,1,0,0,1,1,0,0,0,0,1,0,0,1,0,0
0.07718625153448624,-0.47957078304258416,-0.44759714185456223,-0.39182289157506117,0,-0.5579397802308043,0,1,0,1,0,0,0,1,0,0,0,1,0,1,0,0
-0.2219642245306152,-0.47957078304258416,-0.44759714185456223,-0.49566480795703405,0,-0.5579397802308043,0,0,1,1,0,0,0,1,0,1,0,0,0,1,0,0
0.7502748226809645,-0.47957078304258416,-0.44759714185456223,-0.12582389394636206,0,-0.5579397802308043,0,1,0,0,1,0,0,1,0,0,1,0,0,1,0,0
1.5729386318599934,1.5011416818315209,-0.44759714185456223,2.076852421032827,0,0.7245255323963136,1,0,0,0,1,0,0,1,0,0,0,0,1,0,0,1
-0.2219642245306152,-0.47957078304258416,-0.44759714185456223,-0.4987340271604422,0,-0.5579397802308043,0,0,1,0,1,0,0,1,0,0,1,0,0,1,0,0
3.1434786312017757,-0.47957078304258416,-0.44759714185456223,0.051253684921198576,1,-0.5579397802308043,1,0,0,0,1,1,0,0,0,0,1,0,0,1,0,0
-0.8202651766608181,0.5107854493944685,-0.44759714185456223,3.997672105832375,1,0.08329287608275462,1,0,0,1,0,1,0,0,0,0,0,1,0,0,0,1
2.4703900600552977,-0.47957078304258416,-0.44759714185456223,-0.4429765449651956,0,-0.5579397802308043,0,1,0,0,1,0,0,1,0,0,1,0,0,1,0,0
2.320814822022747,0.5107854493944685,-0.44759714185456223,0.8819030778392863,1,0.08329287608275462,1,0,0,1,0,1,0,0,0,0,0,1,0,0,0,1
2.320814822022747,-0.47957078304258416,-0.44759714185456223,-0.11457009020053248,0,-0.5579397802308043,1,0,0,0,1,0,0,1,0,0,0,0,1,1,0,0
0.3763367275995877,-0.47957078304258416,-0.44759714185456223,-0.4931071252875273,0,-0.5579397802308043,0,0,1,0,1,0,0,1,0,0,1,0,0,1,0,0
-0.37153946256316595,-0.47957078304258416,-0.44759714185456223,1.0437184526813663,1,-0.5579397802308043,1,0,0,1,0,1,0,0,0,1,0,0,0,1,0,0
0.0023986325182108795,-0.47957078304258416,1.8723741825104212,-0.3458705416616356,0,0.7245255323963136,0,0,1,1,0,1,0,0,0,0,0,1,0,0,0,1
0.45112434661586304,-0.47957078304258416,-0.44759714185456223,3.6697771876016136,1,-0.5579397802308043,1,0,0,1,0,1,0,0,0,1,0,0,0,1,0,0
1.1990005367786167,0.5107854493944685,4.192345506875404,-0.08694711736985992,0,2.6482235013369904,0,0,1,1,0,0,0,1,0,0,0,1,0,0,1,0
0.8998500607135153,-0.47957078304258416,-0.44759714185456223,-0.11457009020053248,0,-0.5579397802308043,1,0,0,0,1,0,0,1,0,0,1,0,0,1,0,0
0.07718625153448624,-0.47957078304258416,-0.44759714185456223,-0.09001633657326796,1,-0.5579397802308043,1,0,0,0,1,1,0,0,0,0,1,0,0,1,0,0
1.1990005367786167,-0.47957078304258416,0.7123885203279295,-0.36206783447108776,0,0.08329287608275462,0,0,1,1,0,1,0,0,0,0,0,1,0,0,0,1
-0.8202651766608181,-0.47957078304258416,-0.44759714185456223,-0.49958727009898957,0,-0.5579397802308043,0,0,1,1,0,0,1,0,0,1,0,0,0,1,0,0
-0.29675184354689055,-0.47957078304258416,-0.44759714185456223,-0.4429765449651956,0,-0.5579397802308043,0,1,0,0,1,0,0,1,0,0,1,0,0,1,0,0
-2.016867080921224,0.5107854493944685,0.7123885203279295,-0.1872082780145234,0,0.7245255323963136,0,1,0,0,1,0,0,1,1,0,0,0,0,0,0,1
-0.6706899386282674,0.5107854493944685,-0.44759714185456223,-0.49566480795703405,0,0.08329287608275462,0,0,1,0,1,0,0,1,0,0,1,0,0,0,0,1
0.0023986325182108795,-0.47957078304258416,-0.44759714185456223,-0.4962622826286308,0,-0.5579397802308043,0,0,1,0,1,1,0,0,0,0,1,0,0,1,0,0
0.07718625153448624,-0.47957078304258416,-0.44759714185456223,-0.5156147327791866,0,-0.5579397802308043,0,0,1,1,0,0,1,0,0,1,0,0,0,1,0,0
-0.7454775576445427,-0.47957078304258416,-0.44759714185456223,0.017406335546014357,0,-0.5579397802308043,0,1,0,1,0,0,0,1,0,1,0,0,0,1,0,0
0.30154910858331235,-0.47957078304258416,-0.44759714185456223,-0.4971134794210427,0,-0.5579397802308043,0,0,1,0,1,0,0,1,0,0,1,0,0,1,0,0
-0.07238898649806448,-0.47957078304258416,-0.44759714185456223,0.0685599889361488,1,-0.5579397802308043,1,0,0,0,1,0,0,1,0,0,1,0,0,1,0,0
-0.8202651766608181,0.5107854493944685,-0.44759714185456223,-0.36206783447108776,0,0.08329287608275462,0,0,1,1,0,1,0,0,0,1,0,0,0,0,0,1
1.5729386318599934,0.5107854493944685,0.7123885203279295,3.6697771876016136,1,0.7245255323963136,1,0,0,0,1,1,0,0,0,0,1,0,0,0,0,1
0.8998500607135153,-0.47957078304258416,-0.44759714185456223,-0.023516587166093193,0,-0.5579397802308043,1,0,0,0,1,0,0,1,0,0,1,0,0,1,0,0
0.0023986325182108795,-0.47957078304258416,-0.44759714185456223,-0.49668788102483674,0,-0.5579397802308043,0,0,1,0,1,0,0,1,0,0,1,0,0,1,0,0
-0.37153946256316595,-0.47957078304258416,-0.44759714185456223,-0.5044468671710524,0,-0.5579397802308043,0,0,1,0,1,0,0,1,0,0,1,0,0,1,0,0
1.3485757748111673,-0.47957078304258416,-0.44759714185456223,0.12994437300431014,1,-0.5579397802308043,1,0,0,0,1,0,0,1,0,0,1,0,0,1,0,0
-0.4463270815794413,0.5107854493944685,-0.44759714185456223,-0.4429765449651956,0,0.08329287608275462,0,1,0,0,1,0,0,1,0,0,1,0,0,0,0,1
-1.642928985839847,3.4818541467056257,0.7123885203279295,0.154242358364624,0,2.6482235013369904,0,0,1,0,1,0,0,1,1,0,0,0,0,0,1,0
0.15197387055076161,0.5107854493944685,-0.44759714185456223,-0.2895155847947923,0,0.08329287608275462,0,0,1,1,0,0,0,1,0,0,0,1,0,0,0,1
0.0023986325182108795,-0.47957078304258416,-0.44759714185456223,-0.49566480795703405,0,-0.5579397802308043,0,0,1,1,0,0,0,1,0,1,0,0,0,1,0,0
-0.14717660551433984,-0.47957078304258416,-0.44759714185456223,-0.4805744802069444,0,-0.5579397802308043,0,0,1,0,1,0,0,1,0,0,1,0,0,1,0,0
2.769540536120399,-0.47957078304258416,-0.44759714185456223,-0.4429765449651956,0,-0.5579397802308043,0,1,0,0,1,0,0,1,0,0,1,0,0,1,0,0
0.22676148956703696,-0.47957078304258416,-0.44759714185456223,-0.4971134794210427,0,-0.5579397802308043,0,0,1,0,1,0,0,1,0,0,1,0,0,1,0,0
-0.07238898649806448,-0.47957078304258416,-0.44759714185456223,-0.4971134794210427,0,-0.5579397802308043,0,0,1,0,1,0,0,1,0,0,1,0,0,1,0,0
-1.4933537478072965,-0.47957078304258416,1.8723741825104212,-0.23785039487075652,0,0.7245255323963136,0,0,1,0,1,0,0,1,1,0,0,0,0,0,0,1
-0.7828713671526805,-0.47957078304258416,-0.44759714185456223,-0.39182289157506117,1,-0.5579397802308043,0,1,0,0,1,0,0,1,0,0,1,0,0,1,0,0
-0.37153946256316595,0.5107854493944685,0.7123885203279295,0.09933811910792484,0,0.7245255323963136,0,1,0,1,0,1,0,0,0,0,0,1,0,0,0,1
-1.7177166048561225,0.5107854493944685,0.7123885203279295,-0.3458705416616356,0,0.7245255323963136,0,0,1,0,1,1,0,0,1,0,0,0,0,0,0,1
1.872089107925095,-0.47957078304258416,-0.44759714185456223,-0.37136143021900736,0,-0.5579397802308043,0,1,0,0,1,0,0,1,0,0,0,0,1,1,0,0
1.5729386318599934,-0.47957078304258416,0.7123885203279295,4.406815394815756,1,0.08329287608275462,1,0,0,1,0,1,0,0,0,0,0,1,0,0,0,1
-0.07238898649806448,0.5107854493944685,-0.44759714185456223,-0.12582389394636206,0,0.08329287608275462,0,1,0,1,0,0,0,1,0,0,0,1,0,0,0,1
0.7502748226809645,-0.47957078304258416,-0.44759714185456223,3.6664522001312543,0,-0.5579397802308043,1,0,0,1,0,0,0,1,0,1,0,0,0,1,0,0
0.15197387055076161,-0.47957078304258416,-0.44759714185456223,-0.49566480795703405,0,-0.5579397802308043,0,0,1,0,1,0,0,1,0,0,1,0,0,1,0,0
-1.4933537478072965,4.472210379142679,1.8723741825104212,0.3018206483951618,0,3.9306888139641085,0,0,1,0,1,0,0,1,1,0,0,0,0,0,1,0
-0.2219642245306152,-0.47957078304258416,-0.44759714185456223,-0.4992455636943435,0,-0.5579397802308043,0,0,1,0,1,0,1,0,0,0,1,0,0,1,0,0
-0.595902319611992,1.5011416818315209,1.8723741825104212,0.0455408449105883,0,2.0069908450234317,0,0,1,1,0,0,0,1,0,1,0,0,0,0,1,0
-0.9698404146933688,3.4818541467056257,0.7123885203279295,0.154242358364624,0,2.6482235013369904,0,0,1,0,1,0,0,1,0,0,1,0,0,0,1,0
0.3763367275995877,-0.47957078304258416,-0.44759714185456223,-0.5249083285271061,0,-0.5579397802308043,0,0,1,0,1,0,0,1,0,0,1,0,0,1,0,0
0.07718625153448624,-0.47957078304258416,-0.44759714185456223,-0.6578218892037603,0,-0.5579397802308043,0,1,0,0,1,0,0,1,0,0,1,0,0,1,0,0
-0.07238898649806448,-0.47957078304258416,-0.44759714185456223,-0.19692747215864898,0,-0.5579397802308043,0,0,1,0,1,0,0,1,0,0,1,0,0,1,0,0
-0.2219642245306152,-0.47957078304258416,-0.44759714185456223,-0.4962622826286308,0,-0.5579397802308043,0,0,1,0,1,0,0,1,0,0,1,0,0,1,0,0
-0.14717660551433984,0.5107854493944685,1.8723741825104212,0.4061741013110361,1,1.3657581887098726,1,0,0,1,0,0,0,1,0,0,0,1,0,0,0,1
-0.7454775576445427,-0.47957078304258416,-0.44759714185456223,-0.4931071252875273,0,-0.5579397802308043,0,0,1,0,1,0,0,1,0,0,1,0,0,1,0,0
-0.2219642245306152,-0.47957078304258416,-0.44759714185456223,-0.4992455636943435,1,-0.5579397802308043,0,0,1,0,1,0,1,0,0,0,1,0,0,1,0,0
-0.8202651766608181,-0.47957078304258416,-0.44759714185456223,-0.5017173082261548,0,-0.5579397802308043,0,0,1,1,0,0,1,0,0,1,0,0,0,1,0,0
-0.07238898649806448,-0.47957078304258416,-0.44759714185456223,-0.4962622826286308,0,-0.5579397802308043,0,0,1,1,0,0,0,1,0,1,0,0,0,1,0,0
-2.016867080921224,3.4818541467056257,1.8723741825104212,-0.017889685293178435,0,3.2894561576505494,0,0,1,1,0,0,0,1,0,1,0,0,0,0,1,0
-0.8950527956770935,-0.47957078304258416,1.8723741825104212,1.6110124687779575,1,0.7245255323963136,1,0,0,0,1,1,0,0,0,0,1,0,0,0,0,1
0.0023986325182108795,-0.47957078304258416,-0.44759714185456223,3.8801046411727618,1,-0.5579397802308043,1,0,0,1,0,0,0,1,0,1,0,0,0,1,0,0
1.872089107925095,0.5107854493944685,-0.44759714185456223,0.557588915345834,0,0.08329287608275462,1,0,0,1,0,1,0,0,0,0,0,1,0,0,0,1
2.1712395839901966,-0.47957078304258416,0.7123885203279295,2.4822451241496424,1,0.08329287608275462,1,0,0,1,0,0,0,1,0,0,0,1,0,0,0,1
-1.7177166048561225,-0.47957078304258416,0.7123885203279295,0.017406335546014357,0,0.08329287608275462,0,1,0,1,0,0,0,1,0,1,0,0,0,0,0,1
0.7502748226809645,0.5107854493944685,0.7123885203279295,1.0437184526813663,1,0.7245255323963136,1,0,0,1,0,1,0,0,0,1,0,0,0,0,0,1
0.3763367275995877,-0.47957078304258416,-0.44759714185456223,-0.39182289157506117,0,-0.5579397802308043,0,1,0,1,0,0,0,1,0,1,0,0,0,1,0,0
2.4703900600552977,-0.47957078304258416,-0.44759714185456223,-0.11457009020053248,1,-0.5579397802308043,1,0,0,0,1,0,0,1,0,0,1,0,0,1,0,0
-0.2219642245306152,-0.47957078304258416,-0.44759714185456223,-0.4962622826286308,0,-0.5579397802308043,0,0,1,0,1,0,0,1,0,0,1,0,0,1,0,0
-1.5681413668235717,2.491497914268573,0.7123885203279295,-0.22659659112492694,0,2.0069908450234317,0,0,1,1,0,0,0,1,0,1,0,0,0,0,1,0
-1.9420794619049486,0.5107854493944685,0.7123885203279295,-0.37596525902411954,0,0.7245255323963136,0,0,1,1,0,0,0,1,0,1,0,0,0,0,0,1
-0.9698404146933688,1.5011416818315209,-0.44759714185456223,-0.2895155847947923,0,0.7245255323963136,0,0,1,0,1,0,0,1,0,0,1,0,0,0,0,1
1.049425298746066,0.5107854493944685,-0.44759714185456223,0.47659631286016635,1,0.08329287608275462,1,0,0,1,0,1,0,0,0,0,0,1,0,0,0,1
-1.3437785097747457,0.5107854493944685,1.8723741825104212,1.7975534735226928,1,1.3657581887098726,1,0,0,0,1,0,0,1,1,0,0,0,0,0,0,1
-2.135031518966939,-0.47957078304258416,0.7123885203279295,-0.48355776127265704,0,0.08329287608275462,0,0,1,0,1,1,0,0,1,0,0,0,0,0,0,1
-0.8202651766608181,-0.47957078304258416,-0.44759714185456223,0.8460955204661923,0,-0.5579397802308043,0,1,0,0,1,0,0,1,0,0,1,0,0,1,0,0
-0.8202651766608181,-0.47957078304258416,-0.44759714185456223,-0.4992455636943435,0,-0.5579397802308043,0,0,1,0,1,0,0,1,0,0,1,0,0,1,0,0
-0.37153946256316595,-0.47957078304258416,-0.44759714185456223,-0.4670187620585588,0,-0.5579397802308043,0,0,1,0,1,0,0,1,0,0,1,0,0,1,0,0
-0.5211147005957166,0.5107854493944685,1.8723741825104212,0.19294930481187092,0,1.3657581887098726,0,1,0,1,0,1,0,0,0,0,0,1,0,0,0,1
0.45112434661586304,-0.47957078304258416,-0.44759714185456223,-0.4931071252875273,0,-0.5579397802308043,0,0,1,0,1,0,0,1,0,0,1,0,0,1,0,0
0.6006995846484138,-0.47957078304258416,-0.44759714185456223,-0.4616476284525947,0,-0.5579397802308043,0,0,1,1,0,0,0,1,0,1,0,0,0,1,0,0
0.22676148956703696,-0.47957078304258416,-0.44759714185456223,0.9032177821338877,1,-0.5579397802308043,1,0,0,1,0,1,0,0,0,1,0,0,0,1,0,0
1.4233633938274428,-0.47957078304258416,-0.44759714185456223,-0.4971134794210427,0,-0.5579397802308043,0,0,1,0,1,0,0,1,0,0,1,0,0,1,0,0
0.6754872036646892,0.5107854493944685,-0.44759714185456223,-0.22813120072663096,0,0.08329287608275462,0,1,0,0,1,0,0,1,0,0,1,0,0,0,0,1
-0.29675184354689055,-0.47957078304258416,-0.44759714185456223,-0.4634380063212494,0,-0.5579397802308043,0,0,1,0,1,0,0,1,0,0,1,0,0,1,0,0
-1.5681413668235717,0.5107854493944685,0.7123885203279295,0.09413681563121602,0,0.7245255323963136,0,1,0,0,1,0,0,1,1,0,0,0,0,0,0,1
0.8250624416972399,-0.47957078304258416,-0.44759714185456223,-0.33043850750689985,0,-0.5579397802308043,0,1,0,0,1,0,0,1,0,0,1,0,0,1,0,0
0.0023986325182108795,0.5107854493944685,-0.44759714185456223,0.7049114371094211,1,0.08329287608275462,1,0,0,0,1,0,0,1,0,0,1,0,0,0,0,1
-0.5211147005957166,-0.47957078304258416,-0.44759714185456223,-0.5099878309062716,0,-0.5579397802308043,0,0,1,0,1,1,0,0,0,0,1,0,0,1,0,0
1.1242129177623412,-0.47957078304258416,-0.44759714185456223,-0.09061381124486473,1,-0.5579397802308043,1,0,0,1,0,1,0,0,0,0,0,1,0,1,0,0
1.1242129177623412,1.5011416818315209,-0.44759714185456223,1.1837096328410797,1,0.7245255323963136,1,0,0,0,1,0,1,0,0,0,0,0,1,0,0,1
0.15197387055076161,0.5107854493944685,-0.44759714185456223,-0.3283923613712944,0,0.08329287608275462,0,0,1,1,0,0,0,1,0,0,0,1,0,0,0,1
0.07718625153448624,-0.47957078304258416,-0.44759714185456223,1.1120945180948913,1,-0.5579397802308043,1,0,0,1,0,0,0,1,0,1,0,0,0,1,0,0
-0.9698404146933688,-0.47957078304258416,-0.44759714185456223,-0.4987340271604422,0,-0.5579397802308043,0,0,1,0,1,0,0,1,0,0,1,0,0,1,0,0
-0.5211147005957166,0.5107854493944685,-0.44759714185456223,-0.3734075763546128,0,0.08329287608275462,0,0,1,1,0,0,0,1,0,0,0,1,0,0,0,1
-1.7177166048561225,-0.47957078304258416,1.8723741825104212,2.0942446631854725,1,0.7245255323963136,1,0,0,0,1,1,0,0,1,0,0,0,0,0,0,1
-0.07238898649806448,-0.47957078304258416,-0.44759714185456223,-0.39182289157506117,0,-0.5579397802308043,0,1,0,0,1,0,0,1,0,0,1,0,0,1,0,0
-2.016867080921224,0.5107854493944685,1.8723741825104212,2.44311257930619,1,1.3657581887098726,1,0,0,1,0,0,0,1,0,1,0,0,0,0,0,1
0.3763367275995877,-0.47957078304258416,-0.44759714185456223,-0.4931071252875273,0,-0.5579397802308043,0,0,1,0,1,0,0,1,0,0,1,0,0,1,0,0
-0.8202651766608181,-0.47957078304258416,-0.44759714185456223,-0.4992455636943435,0,-0.5579397802308043,0,0,1,1,0,0,1,0,0,1,0,0,0,1,0,0
-0.14717660551433984,-0.47957078304258416,-0.44759714185456223,-0.4983084287642362,0,-0.5579397802308043,0,0,1,0,1,0,0,1,0,0,1,0,0,1,0,0
0.8998500607135153,-0.47957078304258416,-0.44759714185456223,-0.34996283393284633,0,-0.5579397802308043,0,1,0,0,1,1,0,0,0,0,1,0,0,1,0,0
-0.2219642245306152,-0.47957078304258416,-0.44759714185456223,-0.4931071252875273,0,-0.5579397802308043,0,0,1,0,1,0,0,1,0,0,1,0,0,1,0,0
0.0023986325182108795,-0.47957078304258416,-0.44759714185456223,-0.4634380063212494,0,-0.5579397802308043,0,0,1,0,1,0,0,1,0,0,1,0,0,1,0,0
-0.9698404146933688,-0.47957078304258416,-0.44759714185456223,-0.4931071252875273,0,-0.5579397802308043,0,0,1,0,1,0,0,1,0,0,1,0,0,1,0,0
0.5259119656321384,-0.47957078304258416,-0.44759714185456223,-0.4962622826286308,0,-0.5579397802308043,0,0,1,0,1,0,0,1,0,0,1,0,0,1,0,0
0.0023986325182108795,-0.47957078304258416,-0.44759714185456223,-0.4971134794210427,0,-0.5579397802308043,0,0,1,0,1,0,0,1,0,0,1,0,0,1,0,0
-0.7454775576445427,-0.47957078304258416,-0.44759714185456223,-0.49089114902266673,0,-0.5579397802308043,0,0,1,0,1,0,0,1,0,0,1,0,0,1,0,0
-0.2219642245306152,0.5107854493944685,-0.44759714185456223,-0.3406692381849267,0,0.08329287608275462,0,0,1,0,1,0,1,0,0,0,1,0,0,0,0,1
-0.7454775576445427,0.5107854493944685,0.7123885203279295,-0.3357237029751685,0,0.7245255323963136,0,0,1,1,0,1,0,0,0,0,0,1,0,0,0,1
-0.2219642245306152,7.443279076453836,1.8723741825104212,0.7652727481097799,0,5.854386782904785,0,0,1,0,1,0,0,1,0,0,1,0,0,0,1,0
1.273788155794892,-0.47957078304258416,-0.44759714185456223,0.881733247710031,1,-0.5579397802308043,1,0,0,0,1,1,0,0,0,0,1,0,0,1,0,0
-0.8202651766608181,1.5011416818315209,-0.44759714185456223,-0.2895155847947923,0,0.7245255323963136,0,0,1,1,0,0,0,1,0,1,0,0,0,0,0,1
-0.595902319611992,-0.47957078304258416,-0.44759714185456223,-0.49566480795703405,0,-0.5579397802308043,0,0,1,0,1,0,0,1,0,0,1,0,0,1,0,0
-0.9698404146933688,-0.47957078304258416,-0.44759714185456223,-0.4992455636943435,0,-0.5579397802308043,0,0,1,1,0,0,1,0,0,1,0,0,0,1,0,0
-0.8202651766608181,0.5107854493944685,-0.44759714185456223,-0.5249083285271061,0,0.08329287608275462,0,0,1,0,1,0,0,1,0,0,1,0,0,0,0,1
-0.2219642245306152,-0.47957078304258416,-0.44759714185456223,-0.5099018927685763,0,-0.5579397802308043,0,0,1,0,1,1,0,0,0,0,1,0,0,1,0,0
1.4233633938274428,0.5107854493944685,-0.44759714185456223,0.4061741013110361,1,0.08329287608275462,1,0,0,0,1,0,0,1,0,0,1,0,0,0,0,1
-0.2219642245306152,-0.47957078304258416,-0.44759714185456223,-0.47955140713914174,0,-0.5579397802308043,0,0,1,0,1,0,0,1,0,0,1,0,0,1,0,0
1.1242129177623412,-0.47957078304258416,-0.44759714185456223,-0.4931071252875273,0,-0.5579397802308043,0,0,1,0,1,0,0,1,0,0,1,0,0,1,0,0
1.7973014889088197,0.5107854493944685,0.7123885203279295,1.0171185529184965,1,0.7245255323963136,1,0,0,0,1,0,0,1,0,0,0,0,1,0,0,1
-0.2219642245306152,-0.47957078304258416,-0.44759714185456223,-0.4931071252875273,0,-0.5579397802308043,0,0,1,0,1,0,0,1,0,0,1,0,0,1,0,0
0.9746376797297905,-0.47957078304258416,-0.44759714185456223,-0.4805744802069444,0,-0.5579397802308043,0,0,1,0,1,0,0,1,0,0,1,0,0,1,0,0
1.4233633938274428,-0.47957078304258416,-0.44759714185456223,-0.39182289157506117,0,-0.5579397802308043,0,1,0,0,1,0,0,1,0,0,1,0,0,1,0,0
-0.2219642245306152,-0.47957078304258416,-0.44759714185456223,-0.5094762943723704,0,-0.5579397802308043,0,0,1,0,1,0,0,1,0,0,1,0,0,1,0,0
-0.29675184354689055,0.5107854493944685,-0.44759714185456223,-0.12582389394636206,0,0.08329287608275462,0,1,0,0,1,0,0,1,0,0,1,0,0,0,0,1
-0.2219642245306152,-0.47957078304258416,-0.44759714185456223,-0.4992455636943435,0,-0.5579397802308043,0,0,1,0,1,0,1,0,0,0,1,0,0,1,0,0
0.7502748226809645,0.5107854493944685,0.7123885203279295,0.9719335078059231,1,0.7245255323963136,1,0,0,1,0,0,0,1,0,0,0,1,0,0,0,1
-0.2219642245306152,-0.47957078304258416,-0.44759714185456223,-0.4962622826286308,0,-0.5579397802308043,0,0,1,0,1,0,0,1,0,0,1,0,0,1,0,0
-0.2219642245306152,-0.47957078304258416,-0.44759714185456223,-0.3619839424795279,0,-0.5579397802308043,0,0,1,0,1,1,0,0,0,0,1,0,0,1,0,0
-0.595902319611992,-0.47957078304258416,-0.44759714185456223,-0.4971134794210427,0,-0.5579397802308043,0,0,1,0,1,0,0,1,0,0,1,0,0,1,0,0
0.15197387055076161,-0.47957078304258416,1.8723741825104212,-0.20033839776670312,0,0.7245255323963136,0,0,1,1,0,1,0,0,0,0,0,1,0,0,0,1
2.6947529171041236,-0.47957078304258416,-0.44759714185456223,-0.11457009020053248,1,-0.5579397802308043,1,0,0,0,1,0,0,1,0,0,1,0,0,1,0,0
-1.7925042238723978,0.5107854493944685,1.8723741825104212,-0.09001633657326796,0,1.3657581887098726,0,1,0,1,0,0,0,1,0,1,0,0,0,0,0,1
0.7502748226809645,-0.47957078304258416,-0.44759714185456223,-0.050116486928963117,1,-0.5579397802308043,1,0,0,0,1,1,0,0,0,0,1,0,0,1,0,0
0.15197387055076161,0.5107854493944685,-0.44759714185456223,-0.36206783447108776,0,0.08329287608275462,0,0,1,1,0,1,0,0,0,0,0,1,0,0,0,1
-0.07238898649806448,-0.47957078304258416,-0.44759714185456223,0.30591294066637265,0,-0.5579397802308043,1,0,0,0,1,0,0,1,0,0,1,0,0,1,0,0
-0.8202651766608181,-0.47957078304258416,1.8723741825104212,-0.39182289157506117,0,0.7245255323963136,0,1,0,1,0,0,0,1,0,1,0,0,0,0,0,1
1.1990005367786167,-0.47957078304258416,0.7123885203279295,0.557588915345834,0,0.08329287608275462,1,0,0,1,0,1,0,0,0,0,0,1,0,0,0,1
-2.1043685951702664,-0.47957078304258416,0.7123885203279295,-0.4665072255246574,0,0.08329287608275462,0,0,1,0,1,0,0,1,1,0,0,0,0,0,0,1
0.15197387055076161,0.5107854493944685,-0.44759714185456223,-0.3406692381849267,0,0.08329287608275462,0,0,1,1,0,0,1,0,0,0,0,1,0,0,0,1
-1.9420794619049486,0.5107854493944685,1.8723741825104212,0.19294930481187092,0,1.3657581887098726,0,1,0,1,0,1,0,0,0,1,0,0,0,0,0,1
-2.091654699937499,-0.47957078304258416,1.8723741825104212,-0.3357237029751685,0,0.7245255323963136,0,0,1,1,0,1,0,0,0,1,0,0,0,0,0,1
1.7225138698925442,-0.47957078304258416,-0.44759714185456223,-0.39182289157506117,0,-0.5579397802308043,0,1,0,0,1,0,0,1,0,0,1,0,0,1,0,0
-0.8950527956770935,-0.47957078304258416,0.7123885203279295,-0.3283923613712944,0,0.08329287608275462,0,0,1,1,0,0,0,1,0,1,0,0,0,0,0,1
-0.8202651766608181,-0.47957078304258416,-0.44759714185456223,-0.4992455636943435,0,-0.5579397802308043,0,0,1,1,0,0,1,0,0,1,0,0,0,1,0,0
0.8998500607135153,-0.47957078304258416,-0.44759714185456223,-0.5120339770418771,0,-0.5579397802308043,0,0,1,0,1,0,0,1,0,0,1,0,0,1,0,0
2.6199652980878483,0.5107854493944685,4.192345506875404,4.723542447438383,1,2.6482235013369904,1,0,0,0,1,0,0,1,0,0,1,0,0,0,1,0
-0.5211147005957166,-0.47957078304258416,-0.44759714185456223,-0.4665072255246574,0,-0.5579397802308043,0,0,1,0,1,0,0,1,0,0,1,0,0,1,0,0
-0.2219642245306152,-0.47957078304258416,-0.44759714185456223,-0.5099878309062716,0,-0.5579397802308043,0,0,1,0,1,1,0,0,0,0,1,0,0,1,0,0
0.0023986325182108795,-0.47957078304258416,-0.44759714185456223,-0.3742608192931602,0,-0.5579397802308043,0,1,0,0,1,1,0,0,0,0,1,0,0,1,0,0
-0.8202651766608181,-0.47957078304258416,-0.44759714185456223,-0.49958727009898957,0,-0.5579397802308043,0,0,1,1,0,0,1,0,0,1,0,0,0,1,0,0
0.3763367275995877,0.5107854493944685,-0.44759714185456223,-0.22813120072663096,0,0.08329287608275462,0,1,0,0,1,0,0,1,0,0,1,0,0,0,0,1
-0.2219642245306152,0.5107854493944685,9.992273817787863,0.7652727481097799,0,5.854386782904785,0,0,1,0,1,0,0,1,0,0,1,0,0,0,1,0
-0.9698404146933688,-0.47957078304258416,-0.44759714185456223,-0.49958727009898957,0,-0.5579397802308043,0,0,1,1,0,0,1,0,0,1,0,0,0,1,0,0
-0.4463270815794413,-0.47957078304258416,-0.44759714185456223,-0.49566480795703405,0,-0.5579397802308043,0,0,1,1,0,0,0,1,0,1,0,0,0,1,0,0
-0.2219642245306152,-0.47957078304258416,-0.44759714185456223,-0.497625015954944,0,-0.5579397802308043,0,0,1,0,1,0,1,0,0,0,1,0,0,1,0,0
2.358208631530885,-0.47957078304258416,-0.44759714185456223,-0.37511303915863986,0,-0.5579397802308043,0,0,1,0,1,0,0,1,0,0,1,0,0,1,0,0
-0.07238898649806448,-0.47957078304258416,-0.44759714185456223,-0.4429765449651956,0,-0.5579397802308043,0,1,0,0,1,0,0,1,0,0,1,0,0,1,0,0
-0.7454775576445427,0.5107854493944685,-0.44759714185456223,1.2057916419365329,1,0.08329287608275462,1,0,0,1,0,1,0,0,0,0,0,1,0,0,0,1
-0.2219642245306152,-0.47957078304258416,-0.44759714185456223,-0.4964321127578861,0,-0.5579397802308043,0,0,1,0,1,0,0,1,0,0,1,0,0,1,0,0
0.07718625153448624,-0.47957078304258416,-0.44759714185456223,-0.12582389394636206,1,-0.5579397802308043,1,0,0,0,1,0,0,1,0,0,1,0,0,1,0,0
2.1712395839901966,-0.47957078304258416,-0.44759714185456223,-0.11457009020053248,1,-0.5579397802308043,1,0,0,1,0,0,0,1,0,1,0,0,0,1,0,0
-0.8202651766608181,-0.47957078304258416,-0.44759714185456223,-0.4931071252875273,0,-0.5579397802308043,0,0,1,1,0,0,0,1,0,1,0,0,0,1,0,0
1.872089107925095,0.5107854493944685,-0.44759714185456223,0.47659631286016635,1,0.08329287608275462,1,0,0,0,1,1,0,0,0,0,1,0,0,0,0,1
-0.7454775576445427,-0.47957078304258416,-0.44759714185456223,-0.3611306995409805,0,-0.5579397802308043,0,0,1,0,1,0,0,1,0,0,1,0,0,1,0,0
0.30154910858331235,0.5107854493944685,1.8723741825104212,-0.23682732180295382,0,1.3657581887098726,0,0,1,1,0,0,0,1,0,0,0,1,0,0,0,1
-0.37153946256316595,-0.47957078304258416,-0.44759714185456223,-0.4429765449651956,0,-0.5579397802308043,0,1,0,0,1,0,0,1,0,0,1,0,0,1,0,0
0.30154910858331235,-0.47957078304258416,-0.44759714185456223,-0.5555145824234914,1,-0.5579397802308043,1,0,0,0,1,0,0,1,0,0,1,0,0,1,0,0
-0.2219642245306152,-0.47957078304258416,-0.44759714185456223,0.49816473927558275,0,-0.5579397802308043,0,0,1,0,1,0,0,1,0,0,1,0,0,1,0,0
-1.3437785097747457,4.472210379142679,1.8723741825104212,0.3018206483951618,0,3.9306888139641085,0,0,1,0,1,0,0,1,1,0,0,0,0,0,1,0
0.8998500607135153,-0.47957078304258416,0.7123885203279295,-0.2588233927607116,0,0.08329287608275462,0,1,0,1,0,0,0,1,0,0,0,1,0,0,0,1
-0.9698404146933688,-0.47957078304258416,-0.44759714185456223,-0.46923473832341944,0,-0.5579397802308043,0,0,1,0,1,0,0,1,0,0,1,0,0,1,0,0
-0.2219642245306152,1.5011416818315209,-0.44759714185456223,-0.18209291267550995,0,0.7245255323963136,0,0,1,0,1,0,1,0,0,0,1,0,0,0,0,1
-0.2219642245306152,-0.47957078304258416,-0.44759714185456223,-0.4962622826286308,0,-0.5579397802308043,0,0,1,0,1,0,0,1,0,0,1,0,0,1,0,0
2.3956024410390224,-0.47957078304258416,-0.44759714185456223,0.0035089109929826016,1,-0.5579397802308043,1,0,0,0,1,0,0,1,0,0,1,0,0,1,0,0
0.22676148956703696,-0.47957078304258416,-0.44759714185456223,-0.39182289157506117,0,-0.5579397802308043,0,1,0,1,0,0,0,1,0,0,0,1,0,1,0,0
1.1990005367786167,-0.47957078304258416,-0.44759714185456223,4.71075403409085,0,-0.5579397802308043,1,0,0,1,0,1,0,0,0,1,0,0,0,1,0,0
-0.7454775576445427,-0.47957078304258416,-0.44759714185456223,-0.5197070250503972,0,-0.5579397802308043,0,0,1,0,1,0,1,0,0,0,1,0,0,1,0,0
0.45112434661586304,0.5107854493944685,-0.44759714185456223,1.0501985974928285,1,0.08329287608275462,1,0,0,1,0,0,0,1,0,0,0,1,0,0,0,1
-0.8202651766608181,-0.47957078304258416,-0.44759714185456223,-0.5044468671710524,0,-0.5579397802308043,0,0,1,1,0,0,0,1,0,1,0,0,0,1,0,0
-0.37153946256316595,2.491497914268573,1.8723741825104212,4.723542447438383,1,2.6482235013369904,1,0,0,1,0,0,0,1,0,1,0,0,0,0,1,0
-0.37153946256316595,-0.47957078304258416,-0.44759714185456223,-0.4971134794210427,0,-0.5579397802308043,0,0,1,0,1,0,0,1,0,0,1,0,0,1,0,0
-1.2689908907584704,1.5011416818315209,0.7123885203279295,0.14017510368233702,1,1.3657581887098726,0,1,0,1,0,0,0,1,0,1,0,0,0,0,0,1
1.1990005367786167,0.5107854493944685,0.7123885203279295,2.7155917217463506,0,0.7245255323963136,1,0,0,1,0,0,0,1,0,0,0,1,0,0,0,1
0.8250624416972399,0.5107854493944685,5.352331169057896,-0.01558777089062237,0,3.2894561576505494,0,0,1,0,1,0,0,1,0,0,1,0,0,0,1,0
-0.4463270815794413,-0.47957078304258416,-0.44759714185456223,-0.4931071252875273,0,-0.5579397802308043,0,0,1,1,0,0,0,1,0,1,0,0,0,1,0,0
1.1242129177623412,-0.47957078304258416,-0.44759714185456223,-0.4992455636943435,0,-0.5579397802308043,0,0,1,1,0,0,1,0,0,0,0,0,1,1,0,0
-0.595902319611992,-0.47957078304258416,-0.44759714185456223,-0.4983084287642362,0,-0.5579397802308043,0,0,1,0,1,0,0,1,0,0,1,0,0,1,0,0
-0.2219642245306152,1.5011416818315209,-0.44759714185456223,-0.4805744802069444,0,0.7245255323963136,0,0,1,0,1,0,0,1,0,0,1,0,0,0,0,1
2.545177679071573,0.5107854493944685,-0.44759714185456223,0.9373188536298868,1,0.08329287608275462,1,0,0,1,0,0,0,1,0,1,0,0,0,0,0,1
0.5259119656321384,-0.47957078304258416,-0.44759714185456223,2.117433637340288,1,-0.5579397802308043,1,0,0,1,0,1,0,0,0,1,0,0,0,1,0,0
0.45112434661586304,-0.47957078304258416,-0.44759714185456223,-0.4051228414564961,0,-0.5579397802308043,0,1,0,0,1,0,1,0,0,0,1,0,0,1,0,0
1.3485757748111673,-0.47957078304258416,-0.44759714185456223,-0.13426424675573428,1,-0.5579397802308043,1,0,0,0,1,0,0,1,0,0,1,0,0,1,0,0
1.1990005367786167,-0.47957078304258416,1.8723741825104212,-0.04397804852214697,0,0.7245255323963136,0,1,0,1,0,0,0,1,0,0,0,1,0,0,0,1
-0.2219642245306152,-0.47957078304258416,-0.44759714185456223,-0.4962622826286308,0,-0.5579397802308043,0,0,1,0,1,0,0,1,0,0,1,0,0,1,0,0
-2.091654699937499,0.5107854493944685,1.8723741825104212,0.19294930481187092,0,1.3657581887098726,0,1,0,1,0,1,0,0,0,1,0,0,0,0,0,1
0.07718625153448624,-0.47957078304258416,-0.44759714185456223,-0.39182289157506117,0,-0.5579397802308043,0,1,0,0,1,0,0,1,0,0,1,0,0,1,0,0
-0.2219642245306152,-0.47957078304258416,-0.44759714185456223,-0.4931071252875273,0,-0.5579397802308043,0,0,1,0,1,0,0,1,0,0,1,0,0,1,0,0
1.1242129177623412,-0.47957078304258416,-0.44759714185456223,-0.49566480795703405,0,-0.5579397802308043,0,0,1,0,1,0,0,1,0,0,1,0,0,1,0,0
-0.2219642245306152,-0.47957078304258416,-0.44759714185456223,-0.4966019428871413,0,-0.5579397802308043,0,0,1,0,1,0,1,0,0,0,1,0,0,1,0,0
0.07718625153448624,-0.47957078304258416,-0.44759714185456223,-0.33904869044552727,0,-0.5579397802308043,0,1,0,0,1,1,0,0,0,0,1,0,0,1,0,0
-2.091654699937499,0.5107854493944685,0.7123885203279295,-0.3161154845576622,1,0.7245255323963136,0,0,1,1,0,0,0,1,0,1,0,0,0,0,0,1
0.6754872036646892,-0.47957078304258416,-0.44759714185456223,-0.4805744802069444,0,-0.5579397802308043,0,0,1,0,1,0,0,1,0,0,1,0,0,1,0,0
1.4233633938274428,0.5107854493944685,-0.44759714185456223,0.9121696714771612,1,0.08329287608275462,1,0,0,0,1,1,0,0,0,0,1,0,0,0,0,1
-1.8672918428886731,0.5107854493944685,0.7123885203279295,-0.43001830148840675,0,0.7245255323963136,0,0,1,0,1,0,0,1,1,0,0,0,0,0,0,1
-0.7454775576445427,0.5107854493944685,-0.44759714185456223,-0.3283923613712944,0,0.08329287608275462,0,0,1,1,0,0,0,1,0,0,0,1,0,0,0,1
-0.5211147005957166,-0.47957078304258416,-0.44759714185456223,-0.4997571002282448,0,-0.5579397802308043,0,0,1,1,0,0,1,0,0,1,0,0,0,1,0,0
1.5729386318599934,-0.47957078304258416,-0.44759714185456223,-0.4931071252875273,0,-0.5579397802308043,0,0,1,0,1,0,0,1,0,0,1,0,0,1,0,0
-0.8202651766608181,0.5107854493944685,-0.44759714185456223,-0.293607877066003,0,0.08329287608275462,0,0,1,1,0,0,0,1,0,0,0,1,0,0,0,1
-0.8202651766608181,-0.47957078304258416,-0.44759714185456223,-0.497625015954944,0,-0.5579397802308043,0,0,1,1,0,0,1,0,0,1,0,0,0,1,0,0
-0.2219642245306152,-0.47957078304258416,-0.44759714185456223,-0.5099018927685763,0,-0.5579397802308043,0,0,1,0,1,1,0,0,0,0,1,0,0,1,0,0
1.5729386318599934,-0.47957078304258416,-0.44759714185456223,-0.39182289157506117,0,-0.5579397802308043,0,1,0,0,1,0,0,1,0,0,1,0,0,1,0,0
1.1990005367786167,0.5107854493944685,-0.44759714185456223,0.4061741013110361,1,0.08329287608275462,1,0,0,1,0,0,0,1,0,0,0,1,0,0,0,1
-0.2219642245306152,-0.47957078304258416,-0.44759714185456223,-0.4962622826286308,0,-0.5579397802308043,0,0,1,0,1,0,0,1,0,0,1,0,0,1,0,0
-0.2219642245306152,-0.47957078304258416,-0.44759714185456223,-0.5099018927685763,0,-0.5579397802308043,0,0,1,0,1,1,0,0,0,0,1,0,0,1,0,0
-0.37153946256316595,0.5107854493944685,-0.44759714185456223,-0.3283923613712944,0,0.08329287608275462,0,0,1,0,1,0,0,1,0,0,1,0,0,0,0,1
-0.595902319611992,-0.47957078304258416,-0.44759714185456223,-0.48526424714975197,0,-0.5579397802308043,0,0,1,0,1,0,0,1,0,0,1,0,0,1,0,0
-0.2219642245306152,-0.47957078304258416,-0.44759714185456223,-0.4971134794210427,0,-0.5579397802308043,0,0,1,1,0,0,0,1,0,1,0,0,0,1,0,0
0.15197387055076161,0.5107854493944685,0.7123885203279295,-0.23785039487075652,0,0.7245255323963136,0,0,1,1,0,0,0,1,0,0,0,1,0,0,0,1
0.7502748226809645,-0.47957078304258416,-0.44759714185456223,-0.16367759745506158,0,-0.5579397802308043,0,0,1,0,1,0,0,1,0,0,1,0,0,1,0,0
1.9468767269413703,-0.47957078304258416,-0.44759714185456223,0.3652511785989285,1,-0.5579397802308043,1,0,0,0,1,0,0,1,0,0,1,0,0,1,0,0
1.647726250876269,-0.47957078304258416,-0.44759714185456223,-0.4931071252875273,0,-0.5579397802308043,0,0,1,0,1,0,0,1,0,0,1,0,0,1,0,0
-0.37153946256316595,-0.47957078304258416,-0.44759714185456223,0.355106386058597,1,-0.5579397802308043,1,0,0,1,0,1,0,0,0,0,0,0,1,1,0,0
-0.595902319611992,-0.47957078304258416,0.7123885203279295,0.5980862396617356,0,0.08329287608275462,1,0,0,0,1,1,0,0,0,0,1,0,0,0,0,1
0.15197387055076161,-0.47957078304258416,1.8723741825104212,-0.3458705416616356,0,0.7245255323963136,0,0,1,1,0,1,0,0,0,0,0,1,0,0,0,1
0.5259119656321384,-0.47957078304258416,-0.44759714185456223,0.1631942477078975,1,-0.5579397802308043,1,0,0,0,1,1,0,0,0,0,1,0,0,1,0,0
-0.8202651766608181,-0.47957078304258416,-0.44759714185456223,-0.4805744802069444,0,-0.5579397802308043,0,0,1,0,1,0,0,1,0,0,1,0,0,1,0,0
-0.37153946256316595,-0.47957078304258416,-0.44759714185456223,-0.5033378559655542,0,-0.5579397802308043,0,0,1,0,1,0,0,1,0,0,1,0,0,1,0,0
0.7502748226809645,-0.47957078304258416,1.8723741825104212,-0.5099018927685763,0,0.7245255323963136,0,0,1,0,1,1,0,0,0,0,1,0,0,0,0,1
-0.37153946256316595,-0.47957078304258416,0.7123885203279295,4.406815394815756,1,0.08329287608275462,1,0,0,0,1,1,0,0,0,0,1,0,0,0,0,1
-0.8202651766608181,0.5107854493944685,-0.44759714185456223,0.5698657921594663,1,0.08329287608275462,1,0,0,1,0,0,0,1,0,0,0,1,0,0,0,1
-0.8202651766608181,-0.47957078304258416,-0.44759714185456223,-0.5197070250503972,0,-0.5579397802308043,0,0,1,1,0,0,1,0,0,1,0,0,0,1,0,0
-1.1194156527259196,0.5107854493944685,1.8723741825104212,1.7975534735226928,1,1.3657581887098726,1,0,0,1,0,0,0,1,0,1,0,0,0,0,0,1
-0.8950527956770935,-0.47957078304258416,-0.44759714185456223,-0.41228435293111493,0,-0.5579397802308043,0,1,0,1,0,1,0,0,0,1,0,0,0,1,0,0
-0.7454775576445427,0.5107854493944685,-0.44759714185456223,-0.12582389394636206,0,0.08329287608275462,0,1,0,1,0,0,0,1,0,0,0,1,0,0,0,1
0.3763367275995877,-0.47957078304258416,-0.44759714185456223,-0.39182289157506117,0,-0.5579397802308043,0,1,0,0,1,0,0,1,0,0,1,0,0,1,0,0
0.15197387055076161,-0.47957078304258416,1.8723741825104212,2.7155917217463506,1,0.7245255323963136,1,0,0,1,0,0,0,1,0,1,0,0,0,0,0,1
0.30154910858331235,-0.47957078304258416,-0.44759714185456223,2.44311257930619,0,-0.5579397802308043,1,0,0,1,0,0,0,1,0,1,0,0,0,1,0,0
-0.8202651766608181,-0.47957078304258416,-0.44759714185456223,-0.4992455636943435,0,-0.5579397802308043,0,0,1,1,0,0,1,0,0,1,0,0,0,1,0,0
0.07718625153448624,0.5107854493944685,-0.44759714185456223,0.5238275041083453,1,0.08329287608275462,1,0,0,0,1,1,0,0,0,0,1,0,0,0,0,1
-0.2219642245306152,-0.47957078304258416,-0.44759714185456223,0.49816473927558275,0,-0.5579397802308043,0,0,1,0,1,0,0,1,0,0,1,0,0,1,0,0
-0.2219642245306152,7.443279076453836,1.8723741825104212,0.7652727481097799,0,5.854386782904785,0,0,1,0,1,0,0,1,0,0,1,0,0,0,1,0
-0.8202651766608181,-0.47957078304258416,-0.44759714185456223,-0.4966019428871413,0,-0.5579397802308043,0,0,1,1,0,0,1,0,0,1,0,0,0,1,0,0
-0.14717660551433984,-0.47957078304258416,-0.44759714185456223,-0.5151031962452851,0,-0.5579397802308043,0,0,1,0,1,0,0,1,0,0,1,0,0,1,0,0
-0.2219642245306152,-0.47957078304258416,-0.44759714185456223,-0.4992455636943435,0,-0.5579397802308043,0,0,1,0,1,0,1,0,0,0,1,0,0,1,0,0
-0.2219642245306152,-0.47957078304258416,-0.44759714185456223,-0.4634380063212494,0,-0.5579397802308043,0,0,1,0,1,0,0,1,0,0,1,0,0,1,0,0
-0.8202651766608181,-0.47957078304258416,-0.44759714185456223,-0.4931071252875273,0,-0.5579397802308043,0,0,1,1,0,0,0,1,0,1,0,0,0,1,0,0
0.7502748226809645,-0.47957078304258416,-0.44759714185456223,-0.49566480795703405,0,-0.5579397802308043,0,0,1,0,1,0,0,1,0,0,1,0,0,1,0,0
-0.595902319611992,-0.47957078304258416,-0.44759714185456223,-0.4805744802069444,0,-0.5579397802308043,0,0,1,1,0,0,0,1,0,1,0,0,0,1,0,0
-0.29675184354689055,0.5107854493944685,-0.44759714185456223,-0.293607877066003,0,0.08329287608275462,0,0,1,0,1,0,0,1,0,0,1,0,0,0,0,1
-0.4463270815794413,-0.47957078304258416,-0.44759714185456223,-0.4429765449651956,0,-0.5579397802308043,0,1,0,0,1,0,0,1,0,0,0,0,1,1,0,0
-0.29675184354689055,-0.47957078304258416,-0.44759714185456223,-0.5135685866435811,0,-0.5579397802308043,0,0,1,0,1,0,0,1,0,0,1,0,0,1,0,0
0.30154910858331235,0.5107854493944685,-0.44759714185456223,0.4286817088026953,1,0.08329287608275462,1,0,0,1,0,0,0,1,0,0,0,1,0,0,0,1
1.1990005367786167,-0.47957078304258416,-0.44759714185456223,-0.11457009020053248,1,-0.5579397802308043,1,0,0,0,1,0,0,1,0,0,0,0,1,1,0,0
-0.37153946256316595,1.5011416818315209,-0.44759714185456223,-0.16367759745506158,0,0.7245255323963136,0,0,1,0,1,0,0,1,0,0,1,0,0,0,0,1
-0.07238898649806448,0.5107854493944685,-0.44759714185456223,-0.3335077267103079,0,0.08329287608275462,0,0,1,0,1,0,0,1,0,0,1,0,0,0,0,1
-0.29675184354689055,0.5107854493944685,-0.44759714185456223,1.2057916419365329,1,0.08329287608275462,1,0,0,0,1,1,0,0,0,0,1,0,0,0,0,1
-0.2219642245306152,-0.47957078304258416,-0.44759714185456223,-0.4992455636943435,0,-0.5579397802308043,0,0,1,0,1,0,1,0,0,0,1,0,0,1,0,0
0.15197387055076161,-0.47957078304258416,-0.44759714185456223,-0.4931071252875273,0,-0.5579397802308043,0,0,1,1,0,0,0,1,0,0,0,1,0,1,0,0
-2.1043685951702664,0.5107854493944685,0.7123885203279295,-0.27416948877775194,0,0.7245255323963136,0,1,0,0,1,0,0,1,1,0,0,0,0,0,0,1
-0.37153946256316595,1.5011416818315209,-0.44759714185456223,0.8460955204661923,0,0.7245255323963136,0,1,0,0,1,0,0,1,0,0,1,0,0,0,0,1
0.26415529907517465,-0.47957078304258416,-0.44759714185456223,-0.4634380063212494,0,-0.5579397802308043,0,0,1,0,1,0,0,1,0,0,1,0,0,1,0,0
1.9468767269413703,-0.47957078304258416,-0.44759714185456223,-0.33043850750689985,0,-0.5579397802308043,0,1,0,1,0,0,0,1,0,0,0,1,0,1,0,0
0.8250624416972399,-0.47957078304258416,-0.44759714185456223,2.4822451241496424,1,-0.5579397802308043,1,0,0,1,0,0,0,1,0,1,0,0,0,1,0,0
0.5259119656321384,-0.47957078304258416,1.8723741825104212,-0.4085337670645503,0,0.7245255323963136,0,0,1,1,0,0,0,1,0,0,0,1,0,0,0,1
0.7502748226809645,0.5107854493944685,-0.44759714185456223,0.4859738005996458,1,0.08329287608275462,1,0,0,1,0,0,0,1,0,0,0,1,0,0,0,1
0.30154910858331235,0.5107854493944685,0.7123885203279295,-0.23785039487075652,0,0.7245255323963136,0,0,1,0,1,0,0,1,0,0,1,0,0,0,0,1
-0.8202651766608181,-0.47957078304258416,-0.44759714185456223,-0.4992455636943435,0,-0.5579397802308043,0,0,1,1,0,0,1,0,0,1,0,0,0,1,0,0
-1.1194156527259196,-0.47957078304258416,-0.44759714185456223,-0.4971134794210427,0,-0.5579397802308043,0,0,1,1,0,0,0,1,0,1,0,0,0,1,0,0
-0.4463270815794413,-0.47957078304258416,-0.44759714185456223,-0.4805744802069444,0,-0.5579397802308043,0,0,1,1,0,0,0,1,0,1,0,0,0,1,0,0
-0.2219642245306152,-0.47957078304258416,-0.44759714185456223,-0.4966019428871413,0,-0.5579397802308043,0,0,1,0,1,0,1,0,0,0,1,0,0,1,0,0
-0.5211147005957166,-0.47957078304258416,-0.44759714185456223,-0.47366873699927625,0,-0.5579397802308043,0,0,1,0,1,0,0,1,0,0,1,0,0,1,0,0
-0.07238898649806448,-0.47957078304258416,-0.44759714185456223,-0.4983084287642362,0,-0.5579397802308043,0,0,1,0,1,0,0,1,0,0,1,0,0,1,0,0
0.3763367275995877,0.5107854493944685,0.7123885203279295,0.0071756048679874705,0,0.7245255323963136,0,1,0,1,0,0,0,1,0,0,0,1,0,0,0,1
0.07718625153448624,-0.47957078304258416,-0.44759714185456223,-0.5094762943723704,0,-0.5579397802308043,0,0,1,0,1,0,0,1,0,0,1,0,0,1,0,0
-0.14717660551433984,0.5107854493944685,-0.44759714185456223,-0.49566480795703405,0,0.08329287608275462,0,0,1,1,0,0,0,1,0,1,0,0,0,0,0,1
0.7502748226809645,-0.47957078304258416,-0.44759714185456223,-0.6578218892037603,1,-0.5579397802308043,1,0,0,0,1,0,0,1,0,0,1,0,0,1,0,0
0.45112434661586304,-0.47957078304258416,-0.44759714185456223,-0.11994122380649658,1,-0.5579397802308043,1,0,0,0,1,0,0,1,0,0,1,0,0,1,0,0
0.8250624416972399,-0.47957078304258416,-0.44759714185456223,-0.09061381124486473,0,-0.5579397802308043,1,0,0,0,1,1,0,0,0,0,0,0,1,1,0,0
-0.8202651766608181,-0.47957078304258416,-0.44759714185456223,-0.49984303836594024,0,-0.5579397802308043,0,0,1,1,0,0,1,0,0,1,0,0,0,1,0,0
-0.2219642245306152,-0.47957078304258416,-0.44759714185456223,-0.5099878309062716,0,-0.5579397802308043,0,0,1,0,1,1,0,0,0,0,1,0,0,1,0,0
0.5259119656321384,0.5107854493944685,1.8723741825104212,1.7975534735226928,1,1.3657581887098726,1,0,0,0,1,0,0,1,0,0,1,0,0,0,0,1
0.07718625153448624,-0.47957078304258416,-0.44759714185456223,-0.40256515878698934,0,-0.5579397802308043,0,0,1,1,0,0,0,1,0,1,0,0,0,1,0,0
-0.2219642245306152,-0.47957078304258416,-0.44759714185456223,-0.4931071252875273,0,-0.5579397802308043,0,0,1,0,1,0,0,1,0,0,1,0,0,1,0,0
0.30154910858331235,-0.47957078304258416,-0.44759714185456223,-0.09061381124486473,1,-0.5579397802308043,1,0,0,1,0,1,0,0,0,1,0,0,0,1,0,0
0.15197387055076161,-0.47957078304258416,-0.44759714185456223,-0.22813120072663096,0,-0.5579397802308043,0,1,0,1,0,0,0,1,0,0,0,1,0,1,0,0
-0.2219642245306152,-0.47957078304258416,-0.44759714185456223,-0.4931071252875273,0,-0.5579397802308043,0,0,1,0,1,0,0,1,0,0,1,0,0,1,0,0
-0.14717660551433984,-0.47957078304258416,-0.44759714185456223,-0.4805744802069444,0,-0.5579397802308043,0,0,1,0,1,0,0,1,0,0,1,0,0,1,0,0
2.246027203006472,-0.47957078304258416,-0.44759714185456223,-0.3815921608970343,0,-0.5579397802308043,0,1,0,0,1,0,0,1,0,0,1,0,0,1,0,0
1.647726250876269,0.5107854493944685,-0.44759714185456223,0.9373188536298868,1,0.08329287608275462,1,0,0,1,0,0,0,1,0,0,0,1,0,0,0,1
-0.8202651766608181,0.5107854493944685,0.7123885203279295,-0.4971134794210427,0,0.7245255323963136,0,0,1,0,1,0,0,1,0,0,1,0,0,0,0,1
2.3956024410390224,-0.47957078304258416,-0.44759714185456223,-0.5301935239953748,0,-0.5579397802308043,0,0,1,0,1,0,0,1,0,0,1,0,0,1,0,0
-0.07238898649806448,-0.47957078304258416,-0.44759714185456223,-0.4987340271604422,0,-0.5579397802308043,0,0,1,1,0,0,0,1,0,1,0,0,0,1,0,0
0.07718625153448624,-0.47957078304258416,-0.44759714185456223,1.5197891356142628,0,-0.5579397802308043,1,0,0,1,0,1,0,0,0,1,0,0,0,1,0,0
1.4233633938274428,0.5107854493944685,3.032359844692913,4.71075403409085,1,2.0069908450234317,1,0,0,1,0,1,0,0,0,0,0,1,0,0,1,0
0.30154910858331235,-0.47957078304258416,1.8723741825104212,-0.12582389394636206,0,0.7245255323963136,0,1,0,1,0,0,0,1,0,0,0,1,0,0,0,1
-1.418566128791021,3.4818541467056257,0.7123885203279295,-0.06188182720869402,0,2.6482235013369904,0,0,1,0,1,0,1,0,1,0,0,0,0,0,1,0
-0.595902319611992,-0.47957078304258416,-0.44759714185456223,-0.4429765449651956,0,-0.5579397802308043,0,1,0,1,0,0,0,1,0,1,0,0,0,1,0,0
1.1990005367786167,0.5107854493944685,-0.44759714185456223,1.0501985974928285,1,0.08329287608275462,1,0,0,0,1,0,0,1,0,0,1,0,0,0,0,1
-1.0446280337096443,-0.47957078304258416,-0.44759714185456223,-0.4935327236837333,0,-0.5579397802308043,0,0,1,1,0,0,1,0,0,1,0,0,0,1,0,0
-0.14717660551433984,0.5107854493944685,-0.44759714185456223,2.1408804259081906,1,0.08329287608275462,1,0,0,0,1,1,0,0,0,0,1,0,0,0,0,1
-0.33414565305502825,-0.47957078304258416,-0.44759714185456223,-0.4931071252875273,0,-0.5579397802308043,0,0,1,0,1,0,0,1,0,0,1,0,0,1,0,0
0.8998500607135153,-0.47957078304258416,-0.44759714185456223,0.0685599889361488,1,-0.5579397802308043,1,0,0,0,1,0,0,1,0,0,1,0,0,1,0,0
1.2363943462867544,-0.47957078304258416,-0.44759714185456223,-0.07467024055622763,1,-0.5579397802308043,1,0,0,0,1,0,0,1,0,0,1,0,0,1,0,0
-0.37153946256316595,-0.47957078304258416,1.8723741825104212,-0.3611306995409805,0,0.7245255323963136,0,1,0,1,0,0,0,1,0,0,0,1,0,0,0,1
1.5729386318599934,0.5107854493944685,-0.44759714185456223,0.4859738005996458,1,0.08329287608275462,1,0,0,0,1,0,0,1,0,0,1,0,0,0,0,1
0.22676148956703696,-0.47957078304258416,-0.44759714185456223,-0.5027403812939575,0,-0.5579397802308043,0,0,1,0,1,0,0,1,0,0,1,0,0,1,0,0
-0.7454775576445427,0.5107854493944685,-0.44759714185456223,0.4286817088026953,1,0.08329287608275462,1,0,0,0,1,0,0,1,0,0,1,0,0,0,0,1
-0.14717660551433984,-0.47957078304258416,-0.44759714185456223,-0.4429765449651956,1,-0.5579397802308043,0,1,0,1,0,0,0,1,0,1,0,0,0,1,0,0
-0.595902319611992,-0.47957078304258416,-0.44759714185456223,-0.4931071252875273,0,-0.5579397802308043,0,0,1,0,1,0,0,1,0,0,1,0,0,1,0,0
-0.4463270815794413,-0.47957078304258416,0.7123885203279295,0.6385815178315017,1,0.08329287608275462,1,0,0,0,1,1,0,0,0,0,1,0,0,0,0,1
2.6947529171041236,-0.47957078304258416,-0.44759714185456223,-0.4992455636943435,0,-0.5579397802308043,0,0,1,0,1,0,1,0,0,0,1,0,0,1,0,0
0.5633057751402761,0.5107854493944685,-0.44759714185456223,-0.3017924616084246,0,0.08329287608275462,0,0,1,0,1,0,0,1,0,0,1,0,0,0,0,1
-0.37153946256316595,-0.47957078304258416,-0.44759714185456223,-0.4983084287642362,0,-0.5579397802308043,0,0,1,0,1,0,0,1,0,0,1,0,0,1,0,0
-0.2219642245306152,-0.47957078304258416,-0.44759714185456223,-0.4992455636943435,0,-0.5579397802308043,0,0,1,0,1,0,1,0,0,0,1,0,0,1,0,0
-1.4933537478072965,-0.47957078304258416,0.7123885203279295,-0.5929426875359849,0,0.08329287608275462,0,0,1,0,1,0,0,1,1,0,0,0,0,0,0,1
0.5259119656321384,-0.47957078304258416,-0.44759714185456223,0.881733247710031,1,-0.5579397802308043,1,0,0,0,1,1,0,0,0,0,1,0,0,1,0,0
-0.595902319611992,-0.47957078304258416,-0.44759714185456223,0.9373188536298868,1,-0.5579397802308043,1,0,0,1,0,0,0,1,0,1,0,0,0,1,0,0
0.07718625153448624,-0.47957078304258416,-0.44759714185456223,-0.5099018927685763,0,-0.5579397802308043,0,0,1,0,1,1,0,0,0,0,1,0,0,1,0,0
-0.14717660551433984,-0.47957078304258416,-0.44759714185456223,-0.5099878309062716,0,-0.5579397802308043,0,0,1,0,1,1,0,0,0,0,1,0,0,1,0,0
-0.2219642245306152,-0.47957078304258416,-0.44759714185456223,-0.5099018927685763,0,-0.5579397802308043,0,0,1,0,1,1,0,0,0,0,1,0,0,1,0,0
0.15197387055076161,-0.47957078304258416,-0.44759714185456223,2.0942446631854725,1,-0.5579397802308043,1,0,0,1,0,1,0,0,0,1,0,0,0,1,0,0
1.5729386318599934,-0.47957078304258416,-0.44759714185456223,-0.4429765449651956,0,-0.5579397802308043,0,1,0,1,0,0,0,1,0,1,0,0,0,1,0,0
1.273788155794892,-0.47957078304258416,-0.44759714185456223,0.9627258501956989,0,-0.5579397802308043,1,0,0,0,1,1,0,0,0,0,1,0,0,1,0,0
1.3485757748111673,-0.47957078304258416,-0.44759714185456223,-0.4429765449651956,0,-0.5579397802308043,0,1,0,0,1,0,0,1,0,0,1,0,0,1,0,0
-0.37153946256316595,-0.47957078304258416,1.8723741825104212,-0.3161154845576622,1,0.7245255323963136,0,0,1,1,0,0,0,1,0,0,0,1,0,0,0,1
0.15197387055076161,-0.47957078304258416,-0.44759714185456223,-0.5099018927685763,0,-0.5579397802308043,0,0,1,1,0,1,0,0,0,0,0,1,0,1,0,0
-1.1942032717421949,-0.47957078304258416,0.7123885203279295,-0.2588233927607116,0,0.08329287608275462,0,1,0,1,0,0,0,1,0,1,0,0,0,0,0,1
0.22676148956703696,-0.47957078304258416,-0.44759714185456223,-0.4931071252875273,0,-0.5579397802308043,0,0,1,0,1,0,0,1,0,0,1,0,0,1,0,0
-0.37153946256316595,-0.47957078304258416,-0.44759714185456223,-0.4429765449651956,0,-0.5579397802308043,0,1,0,0,1,0,0,1,0,0,1,0,0,1,0,0
-0.4463270815794413,-0.47957078304258416,-0.44759714185456223,-0.4983084287642362,0,-0.5579397802308043,0,0,1,0,1,0,0,1,0,0,1,0,0,1,0,0
0.15197387055076161,-0.47957078304258416,-0.44759714185456223,-0.4801488818107385,0,-0.5579397802308043,0,0,1,1,0,0,0,1,0,0,0,1,0,1,0,0
2.246027203006472,-0.47957078304258416,-0.44759714185456223,-0.5094762943723704,0,-0.5579397802308043,0,0,1,0,1,0,0,1,0,0,1,0,0,1,0,0
2.3956024410390224,-0.47957078304258416,-0.44759714185456223,-0.4051228414564961,0,-0.5579397802308043,0,1,0,0,1,0,1,0,0,0,1,0,0,1,0,0
-0.8202651766608181,0.5107854493944685,-0.44759714185456223,0.4286817088026953,1,0.08329287608275462,1,0,0,1,0,0,0,1,0,0,0,1,0,0,0,1
-1.1194156527259196,-0.47957078304258416,-0.44759714185456223,0.6721730989397352,0,-0.5579397802308043,0,1,0,0,1,0,0,1,0,0,1,0,0,1,0,0
-0.8202651766608181,-0.47957078304258416,-0.44759714185456223,-0.4992455636943435,0,-0.5579397802308043,0,0,1,1,0,0,1,0,0,1,0,0,0,1,0,0
-2.0976377094588012,0.5107854493944685,1.8723741825104212,2.44311257930619,1,1.3657581887098726,1,0,0,0,1,0,0,1,1,0,0,0,0,0,0,1
1.9468767269413703,0.5107854493944685,0.7123885203279295,1.2553247475872678,1,0.7245255323963136,1,0,0,0,1,0,0,1,0,0,1,0,0,0,0,1
0.5259119656321384,-0.47957078304258416,-0.44759714185456223,4.71075403409085,1,-0.5579397802308043,1,0,0,1,0,1,0,0,0,1,0,0,0,1,0,0
0.07718625153448624,-0.47957078304258416,-0.44759714185456223,-0.6578218892037603,0,-0.5579397802308043,0,1,0,0,1,0,0,1,0,0,1,0,0,1,0,0
0.9746376797297905,-0.47957078304258416,-0.44759714185456223,-0.5033378559655542,0,-0.5579397802308043,0,0,1,0,1,0,0,1,0,0,1,0,0,1,0,0
3.367841488250602,-0.47957078304258416,-0.44759714185456223,-0.4987340271604422,0,-0.5579397802308043,0,0,1,0,1,0,0,1,0,0,1,0,0,1,0,0
-0.7454775576445427,-0.47957078304258416,-0.44759714185456223,-0.4931071252875273,0,-0.5579397802308043,0,0,1,0,1,0,0,1,0,0,1,0,0,1,0,0
-0.37153946256316595,-0.47957078304258416,-0.44759714185456223,-0.5135685866435811,0,-0.5579397802308043,0,0,1,0,1,0,0,1,0,0,1,0,0,1,0,0
-0.37153946256316595,-0.47957078304258416,-0.44759714185456223,-0.4992455636943435,0,-0.5579397802308043,0,0,1,1,0,0,1,0,0,1,0,0,0,1,0,0
-0.2219642245306152,7.443279076453836,1.8723741825104212,0.7652727481097799,0,5.854386782904785,0,0,1,0,1,0,0,1,0,0,1,0,0,0,1,0
0.07718625153448624,-0.47957078304258416,-0.44759714185456223,-0.39182289157506117,0,-0.5579397802308043,0,1,0,0,1,0,0,1,0,0,1,0,0,1,0,0
3.816567202348254,-0.47957078304258416,-0.44759714185456223,-0.04397804852214697,1,-0.5579397802308043,1,0,0,0,1,0,0,1,0,0,1,0,0,1,0,0
0.45112434661586304,-0.47957078304258416,-0.44759714185456223,-0.5120339770418771,0,-0.5579397802308043,0,0,1,0,1,0,0,1,0,0,1,0,0,1,0,0
-0.2219642245306152,-0.47957078304258416,-0.44759714185456223,-0.49950133196129415,0,-0.5579397802308043,0,0,1,0,1,0,1,0,0,0,1,0,0,1,0,0
0.6754872036646892,-0.47957078304258416,-0.44759714185456223,-0.4962622826286308,0,-0.5579397802308043,0,0,1,0,1,0,0,1,0,0,1,0,0,1,0,0
-0.5211147005957166,-0.47957078304258416,-0.44759714185456223,-0.5094762943723704,0,-0.5579397802308043,0,0,1,0,1,0,0,1,0,0,1,0,0,1,0,0
-0.29675184354689055,-0.47957078304258416,-0.44759714185456223,-0.39182289157506117,0,-0.5579397802308043,0,1,0,0,1,0,0,1,0,0,1,0,0,1,0,0
-0.9698404146933688,-0.47957078304258416,-0.44759714185456223,-0.4429765449651956,0,-0.5579397802308043,0,1,0,0,1,0,0,1,0,0,1,0,0,1,0,0
1.872089107925095,0.5107854493944685,-0.44759714185456223,-0.12582389394636206,0,0.08329287608275462,0,1,0,0,1,0,0,1,0,0,0,0,1,0,0,1
0.22676148956703696,-0.47957078304258416,-0.44759714185456223,-0.4987340271604422,0,-0.5579397802308043,0,0,1,0,1,0,0,1,0,0,1,0,0,1,0,0
-0.6706899386282674,-0.47957078304258416,-0.44759714185456223,-0.5135685866435811,0,-0.5579397802308043,0,0,1,0,1,0,0,1,0,0,1,0,0,1,0,0
-0.37153946256316595,-0.47957078304258416,-0.44759714185456223,-0.4962622826286308,0,-0.5579397802308043,0,0,1,0,1,0,0,1,0,0,1,0,0,1,0,0
0.3763367275995877,-0.47957078304258416,-0.44759714185456223,-0.39182289157506117,1,-0.5579397802308043,0,1,0,0,1,0,0,1,0,0,1,0,0,1,0,0
-0.6706899386282674,1.5011416818315209,0.7123885203279295,-0.1872082780145234,0,1.3657581887098726,0,1,0,1,0,0,0,1,0,1,0,0,0,0,0,1
1.647726250876269,-0.47957078304258416,-0.44759714185456223,-0.4015420857191867,0,-0.5579397802308043,0,1,0,0,1,0,0,1,0,0,0,0,1,1,0,0
-0.4463270815794413,-0.47957078304258416,0.7123885203279295,1.0437184526813663,1,0.08329287608275462,1,0,0,1,0,1,0,0,0,0,0,1,0,0,0,1
-0.4463270815794413,-0.47957078304258416,-0.44759714185456223,-0.4971134794210427,0,-0.5579397802308043,0,0,1,1,0,0,0,1,0,1,0,0,0,1,0,0
1.1990005367786167,-0.47957078304258416,-0.44759714185456223,-0.11457009020053248,0,-0.5579397802308043,1,0,0,0,1,0,0,1,0,0,1,0,0,1,0,0
-2.091654699937499,1.5011416818315209,0.7123885203279295,0.14017510368233702,1,1.3657581887098726,0,1,0,0,1,0,0,1,1,0,0,0,0,0,0,1
-0.2219642245306152,-0.47957078304258416,-0.44759714185456223,-0.4964321127578861,0,-0.5579397802308043,0,0,1,0,1,0,0,1,0,0,1,0,0,1,0,0
1.1990005367786167,0.5107854493944685,-0.44759714185456223,0.40336065037457863,1,0.08329287608275462,1,0,0,1,0,0,0,1,0,0,0,1,0,0,0,1
-0.6706899386282674,-0.47957078304258416,-0.44759714185456223,-0.4805744802069444,0,-0.5579397802308043,0,0,1,1,0,0,0,1,0,1,0,0,0,1,0,0
-0.37153946256316595,0.5107854493944685,-0.44759714185456223,0.5698657921594663,1,0.08329287608275462,1,0,0,0,1,0,0,1,0,0,1,0,0,0,0,1
-0.4463270815794413,-0.47957078304258416,-0.44759714185456223,1.2553247475872678,1,-0.5579397802308043,1,0,0,0,1,0,0,1,0,0,1,0,0,1,0,0
-0.2219642245306152,-0.47957078304258416,-0.44759714185456223,-0.5145916597113838,0,-0.5579397802308043,0,0,1,0,1,0,0,1,0,0,1,0,0,1,0,0
-0.07238898649806448,-0.47957078304258416,-0.44759714185456223,-0.39182289157506117,0,-0.5579397802308043,0,1,0,1,0,0,0,1,0,0,0,0,1,1,0,0
1.5729386318599934,0.5107854493944685,0.7123885203279295,3.6697771876016136,1,0.7245255323963136,1,0,0,1,0,1,0,0,0,0,0,1,0,0,0,1
0.6006995846484138,0.5107854493944685,-0.44759714185456223,0.4286817088026953,1,0.08329287608275462,1,0,0,0,1,0,0,1,0,0,1,0,0,0,0,1
-0.2219642245306152,-0.47957078304258416,-0.44759714185456223,-0.4962622826286308,0,-0.5579397802308043,0,0,1,0,1,0,0,1,0,0,1,0,0,1,0,0
0.15197387055076161,0.5107854493944685,0.7123885203279295,-0.12070852860734863,0,0.7245255323963136,0,1,0,0,1,0,0,1,0,0,1,0,0,0,0,1
0.0023986325182108795,0.5107854493944685,-0.44759714185456223,-0.12582389394636206,0,0.08329287608275462,0,1,0,1,0,0,0,1,0,0,0,1,0,0,0,1
-0.8202651766608181,-0.47957078304258416,-0.44759714185456223,-0.4992455636943435,0,-0.5579397802308043,0,0,1,1,0,0,1,0,0,1,0,0,0,1,0,0
0.9746376797297905,-0.47957078304258416,-0.44759714185456223,-0.11457009020053248,1,-0.5579397802308043,1,0,0,0,1,0,0,1,0,0,1,0,0,1,0,0
1.1990005367786167,0.5107854493944685,0.7123885203279295,2.0942446631854725,1,0.7245255323963136,1,0,0,0,1,1,0,0,0,0,1,0,0,0,0,1
-0.37153946256316595,1.5011416818315209,3.032359844692913,-0.27416948877775194,0,2.6482235013369904,0,1,0,1,0,0,0,1,0,0,0,1,0,0,1,0
0.0023986325182108795,0.5107854493944685,-0.44759714185456223,-0.12582389394636206,0,0.08329287608275462,0,1,0,0,1,0,0,1,0,0,1,0,0,0,0,1
1.049425298746066,0.5107854493944685,0.7123885203279295,-0.12070852860734863,0,0.7245255323963136,0,1,0,0,1,0,0,1,0,0,1,0,0,0,0,1
1.7225138698925442,0.5107854493944685,-0.44759714185456223,0.9436291683120939,1,0.08329287608275462,1,0,0,1,0,1,0,0,0,0,0,1,0,0,0,1
-0.2219642245306152,0.5107854493944685,-0.44759714185456223,-0.526101231724164,0,0.08329287608275462,0,0,1,0,1,1,0,0,0,0,1,0,0,0,0,1
-0.6706899386282674,0.5107854493944685,-0.44759714185456223,-0.12582389394636206,0,0.08329287608275462,0,1,0,1,0,0,0,1,0,1,0,0,0,0,0,1
-0.595902319611992,-0.47957078304258416,-0.44759714185456223,-0.4962622826286308,0,-0.5579397802308043,0,0,1,0,1,0,0,1,0,0,1,0,0,1,0,0
0.22676148956703696,0.5107854493944685,0.7123885203279295,-0.3406692381849267,0,0.7245255323963136,0,0,1,1,0,0,1,0,0,0,0,1,0,0,0,1
-0.8950527956770935,-0.47957078304258416,-0.44759714185456223,-0.5120339770418771,0,-0.5579397802308043,0,0,1,0,1,0,0,1,0,0,1,0,0,1,0,0
2.320814822022747,0.5107854493944685,0.7123885203279295,0.9627258501956989,1,0.7245255323963136,1,0,0,0,1,1,0,0,0,0,1,0,0,0,0,1
-0.9698404146933688,0.5107854493944685,3.032359844692913,0.0455408449105883,0,2.0069908450234317,0,0,1,0,1,0,0,1,0,0,1,0,0,0,1,0
-0.9698404146933688,-0.47957078304258416,-0.44759714185456223,-0.4931071252875273,0,-0.5579397802308043,0,0,1,0,1,0,0,1,0,0,1,0,0,1,0,0
0.30154910858331235,-0.47957078304258416,-0.44759714185456223,-0.4987340271604422,0,-0.5579397802308043,0,0,1,0,1,0,0,1,0,0,1,0,0,1,0,0
-0.595902319611992,-0.47957078304258416,-0.44759714185456223,-0.4982224906265408,0,-0.5579397802308043,0,0,1,0,1,0,0,1,0,0,1,0,0,1,0,0
-0.8202651766608181,1.5011416818315209,1.8723741825104212,0.0455408449105883,0,2.0069908450234317,0,0,1,0,1,0,0,1,0,0,1,0,0,0,1,0
0.9746376797297905,-0.47957078304258416,-0.44759714185456223,-0.39182289157506117,0,-0.5579397802308043,0,1,0,1,0,0,0,1,0,0,0,1,0,1,0,0
-0.5211147005957166,-0.47957078304258416,0.7123885203279295,0.6103631164753679,1,0.08329287608275462,1,0,0,1,0,1,0,0,0,1,0,0,0,0,0,1
0.30154910858331235,-0.47957078304258416,-0.44759714185456223,1.1120945180948913,1,-0.5579397802308043,1,0,0,1,0,0,0,1,0,0,0,0,1,1,0,0
0.22676148956703696,-0.47957078304258416,-0.44759714185456223,-0.03374731784412008,1,-0.5579397802308043,1,0,0,0,1,1,0,0,0,0,0,0,1,1,0,0
-0.2219642245306152,-0.47957078304258416,-0.44759714185456223,-0.3611306995409805,0,-0.5579397802308043,0,0,1,0,1,0,0,1,0,0,1,0,0,1,0,0
0.15197387055076161,-0.47957078304258416,-0.44759714185456223,-0.49182828395277395,0,-0.5579397802308043,0,0,1,1,0,0,0,1,0,0,0,1,0,1,0,0
-0.2219642245306152,-0.47957078304258416,-0.44759714185456223,-0.4962622826286308,0,-0.5579397802308043,0,0,1,0,1,0,0,1,0,0,1,0,0,1,0,0
-1.8672918428886731,3.4818541467056257,0.7123885203279295,-0.06188182720869402,0,2.6482235013369904,0,0,1,0,1,0,1,0,1,0,0,0,0,0,1,0
0.0023986325182108795,-0.47957078304258416,4.192345506875404,-0.22659659112492694,0,2.0069908450234317,0,0,1,1,0,0,0,1,0,0,0,1,0,0,1,0
-0.2219642245306152,-0.47957078304258416,-0.44759714185456223,-0.48475271061585057,0,-0.5579397802308043,0,0,1,0,1,0,1,0,0,0,1,0,0,1,0,0
0.9746376797297905,-0.47957078304258416,0.7123885203279295,-0.4858596756752131,0,0.08329287608275462,0,0,1,0,1,0,0,1,0,0,1,0,0,0,0,1
0.30154910858331235,-0.47957078304258416,-0.44759714185456223,-0.4931071252875273,0,-0.5579397802308043,0,0,1,0,1,0,0,1,0,0,1,0,0,1,0,0
0.45112434661586304,-0.47957078304258416,-0.44759714185456223,-0.4429765449651956,0,-0.5579397802308043,0,1,0,0,1,0,0,1,0,0,1,0,0,1,0,0
-1.4933537478072965,3.4818541467056257,1.8723741825104212,-0.01558777089062237,0,3.2894561576505494,0,0,1,0,1,0,0,1,1,0,0,0,0,0,1,0
0.8998500607135153,-0.47957078304258416,1.8723741825104212,-0.24424460154452332,0,0.7245255323963136,0,0,1,1,0,0,0,1,0,0,0,1,0,0,0,1
0.22676148956703696,1.5011416818315209,-0.44759714185456223,0.8460955204661923,0,0.7245255323963136,0,1,0,0,1,0,0,1,0,0,1,0,0,0,0,1
0.5259119656321384,-0.47957078304258416,-0.44759714185456223,-0.39182289157506117,0,-0.5579397802308043,0,1,0,0,1,0,0,1,0,0,1,0,0,1,0,0
0.45112434661586304,-0.47957078304258416,-0.44759714185456223,-0.12582389394636206,0,-0.5579397802308043,0,1,0,0,1,0,0,1,0,0,1,0,0,1,0,0
0.15197387055076161,0.5107854493944685,-0.44759714185456223,0.5084814080913049,1,0.08329287608275462,1,0,0,0,1,0,0,1,0,0,1,0,0,0,0,1
1.049425298746066,-0.47957078304258416,0.7123885203279295,3.6664522001312543,1,0.08329287608275462,1,0,0,1,0,0,0,1,0,0,0,1,0,0,0,1
-0.14717660551433984,-0.47957078304258416,-0.44759714185456223,-0.49566480795703405,0,-0.5579397802308043,0,0,1,1,0,0,0,1,0,1,0,0,0,1,0,0
0.15197387055076161,0.5107854493944685,-0.44759714185456223,-0.3283923613712944,0,0.08329287608275462,0,0,1,1,0,0,0,1,0,0,0,1,0,0,0,1
-0.6706899386282674,-0.47957078304258416,-0.44759714185456223,-0.37417488115546477,1,-0.5579397802308043,0,1,0,0,1,1,0,0,0,0,1,0,0,1,0,0
-0.8202651766608181,-0.47957078304258416,-0.44759714185456223,-0.49847825889349145,0,-0.5579397802308043,0,0,1,1,0,0,1,0,0,1,0,0,0,1,0,0
-1.1194156527259196,4.472210379142679,1.8723741825104212,0.3018206483951618,0,3.9306888139641085,0,0,1,0,1,0,0,1,0,0,1,0,0,0,1,0
-0.5211147005957166,-0.47957078304258416,-0.44759714185456223,-0.503935330637151,0,-0.5579397802308043,0,0,1,0,1,0,0,1,0,0,1,0,0,1,0,0
-0.2219642245306152,-0.47957078304258416,-0.44759714185456223,-0.4987340271604422,0,-0.5579397802308043,0,0,1,0,1,0,0,1,0,0,1,0,0,1,0,0
-0.8202651766608181,-0.47957078304258416,-0.44759714185456223,-0.4992455636943435,0,-0.5579397802308043,0,0,1,1,0,0,1,0,0,1,0,0,0,1,0,0
-0.8202651766608181,-0.47957078304258416,-0.44759714185456223,-0.4987340271604422,0,-0.5579397802308043,0,0,1,1,0,0,0,1,0,1,0,0,0,1,0,0
-0.6706899386282674,-0.47957078304258416,-0.44759714185456223,-0.5099878309062716,0,-0.5579397802308043,0,0,1,0,1,1,0,0,0,0,1,0,0,1,0,0
-0.2219642245306152,-0.47957078304258416,-0.44759714185456223,-0.4992455636943435,0,-0.5579397802308043,0,0,1,0,1,0,1,0,0,0,1,0,0,1,0,0
-0.6706899386282674,-0.47957078304258416,-0.44759714185456223,-0.4931071252875273,0,-0.5579397802308043,0,0,1,0,1,0,0,1,0,0,1,0,0,1,0,0
0.07718625153448624,2.491497914268573,-0.44759714185456223,-0.22813120072663096,0,1.3657581887098726,0,1,0,1,0,0,0,1,0,0,0,1,0,0,0,1
-0.8202651766608181,-0.47957078304258416,-0.44759714185456223,-0.4992455636943435,0,-0.5579397802308043,0,0,1,1,0,0,1,0,0,1,0,0,0,1,0,0
-0.37153946256316595,-0.47957078304258416,-0.44759714185456223,-0.4987340271604422,0,-0.5579397802308043,0,0,1,0,1,0,0,1,0,0,1,0,0,1,0,0
-0.2219642245306152,-0.47957078304258416,-0.44759714185456223,0.49816473927558275,0,-0.5579397802308043,0,0,1,0,1,0,0,1,0,0,1,0,0,1,0,0
0.8624562512053775,-0.47957078304258416,-0.44759714185456223,-0.3488538227273482,0,-0.5579397802308043,0,0,1,0,1,0,0,1,0,0,1,0,0,1,0,0
-0.8950527956770935,3.4818541467056257,1.8723741825104212,-0.49566480795703405,0,3.2894561576505494,0,0,1,1,0,0,0,1,0,1,0,0,0,0,1,0
1.498151012843718,-0.47957078304258416,-0.44759714185456223,-0.6578218892037603,0,-0.5579397802308043,0,0,1,0,1,0,0,1,0,0,1,0,0,1,0,0
-2.091654699937499,0.5107854493944685,0.7123885203279295,-0.4085337670645503,0,0.7245255323963136,0,0,1,1,0,0,0,1,0,1,0,0,0,0,0,1
-0.2219642245306152,-0.47957078304258416,-0.44759714185456223,-0.16367759745506158,0,-0.5579397802308043,0,0,1,0,1,0,1,0,0,0,1,0,0,1,0,0
-0.8202651766608181,1.5011416818315209,1.8723741825104212,4.71075403409085,1,2.0069908450234317,1,0,0,1,0,1,0,0,0,1,0,0,0,0,1,0
0.8998500607135153,1.5011416818315209,-0.44759714185456223,-0.3691454539541468,0,0.7245255323963136,0,0,1,0,1,0,0,1,0,0,1,0,0,0,0,1
-1.1194156527259196,0.5107854493944685,-0.44759714185456223,-0.4278002790774105,0,0.08329287608275462,0,0,1,1,0,1,0,0,0,1,0,0,0,0,0,1
-0.8202651766608181,-0.47957078304258416,-0.44759714185456223,-0.4931071252875273,0,-0.5579397802308043,0,0,1,1,0,0,0,1,0,1,0,0,0,1,0,0
1.4233633938274428,-0.47957078304258416,1.8723741825104212,0.09413681563121602,0,0.7245255323963136,0,1,0,1,0,0,0,1,0,0,0,1,0,0,0,1
-0.5211147005957166,-0.47957078304258416,1.8723741825104212,0.35502044792090165,1,0.7245255323963136,1,0,0,1,0,1,0,0,0,1,0,0,0,0,0,1
-0.2219642245306152,-0.47957078304258416,-0.44759714185456223,-0.4931071252875273,0,-0.5579397802308043,0,0,1,0,1,0,0,1,0,0,1,0,0,1,0,0
0.8250624416972399,-0.47957078304258416,-0.44759714185456223,-0.39182289157506117,0,-0.5579397802308043,0,1,0,0,1,0,0,1,0,0,1,0,0,1,0,0
-0.595902319611992,1.5011416818315209,-0.44759714185456223,0.8460955204661923,0,0.7245255323963136,0,1,0,0,1,0,0,1,0,0,1,0,0,0,0,1
0.7502748226809645,0.5107854493944685,5.352331169057896,-0.017889685293178435,0,3.2894561576505494,0,0,1,0,1,0,0,1,0,0,1,0,0,0,1,0
-0.2219642245306152,-0.47957078304258416,-0.44759714185456223,-0.4992455636943435,0,-0.5579397802308043,0,0,1,0,1,0,1,0,0,0,1,0,0,1,0,0
-0.8202651766608181,-0.47957078304258416,-0.44759714185456223,-0.4225150836091418,0,-0.5579397802308043,0,1,0,0,1,0,0,1,0,0,1,0,0,1,0,0
0.3763367275995877,0.5107854493944685,-0.44759714185456223,-0.12582389394636206,0,0.08329287608275462,0,1,0,0,1,0,0,1,0,0,1,0,0,0,0,1
0.3763367275995877,-0.47957078304258416,-0.44759714185456223,-0.11457009020053248,0,-0.5579397802308043,1,0,0,0,1,0,0,1,0,0,1,0,0,1,0,0
-0.5211147005957166,-0.47957078304258416,-0.44759714185456223,-0.22813120072663096,0,-0.5579397802308043,0,1,0,1,0,0,0,1,0,0,0,1,0,1,0,0
0.8250624416972399,-0.47957078304258416,-0.44759714185456223,-0.023516587166093193,1,-0.5579397802308043,1,0,0,0,1,1,0,0,0,0,1,0,0,1,0,0
0.45112434661586304,-0.47957078304258416,-0.44759714185456223,2.117433637340288,1,-0.5579397802308043,1,0,0,1,0,0,0,1,0,1,0,0,0,1,0,0
-0.14717660551433984,-0.47957078304258416,-0.44759714185456223,-0.4966019428871413,0,-0.5579397802308043,0,0,1,1,0,0,1,0,0,1,0,0,0,1,0,0
-0.2219642245306152,-0.47957078304258416,-0.44759714185456223,-0.4962622826286308,0,-0.5579397802308043,0,0,1,0,1,0,0,1,0,0,1,0,0,1,0,0
-0.7454775576445427,-0.47957078304258416,-0.44759714185456223,-0.39182289157506117,0,-0.5579397802308043,0,1,0,0,1,0,0,1,0,0,1,0,0,1,0,0
-0.2219642245306152,-0.47957078304258416,-0.44759714185456223,-0.4996711620905494,0,-0.5579397802308043,0,0,1,0,1,0,1,0,0,0,1,0,0,1,0,0
1.273788155794892,-0.47957078304258416,-0.44759714185456223,-0.12582389394636206,0,-0.5579397802308043,0,1,0,0,1,0,0,1,0,0,1,0,0,1,0,0
0.5259119656321384,-0.47957078304258416,1.8723741825104212,0.7949418670760579,1,0.7245255323963136,1,0,0,1,0,0,0,1,0,1,0,0,0,0,0,1
0.15197387055076161,0.5107854493944685,1.8723741825104212,-0.1780006204042992,0,1.3657581887098726,0,0,1,1,0,0,0,1,0,0,0,1,0,0,0,1
-0.14717660551433984,-0.47957078304258416,-0.44759714185456223,-0.03374731784412008,0,-0.5579397802308043,1,0,0,0,1,0,0,1,0,0,1,0,0,1,0,0
-0.6706899386282674,-0.47957078304258416,-0.44759714185456223,-0.4971134794210427,0,-0.5579397802308043,0,0,1,0,1,0,0,1,0,0,1,0,0,1,0,0
-0.8202651766608181,-0.47957078304258416,1.8723741825104212,-0.4992455636943435,0,0.7245255323963136,0,0,1,1,0,0,1,0,0,1,0,0,0,0,0,1
-0.8202651766608181,-0.47957078304258416,-0.44759714185456223,-0.5099018927685763,0,-0.5579397802308043,0,0,1,1,0,1,0,0,0,0,0,1,0,1,0,0
-1.4933537478072965,0.5107854493944685,0.7123885203279295,-0.33248465364250523,0,0.7245255323963136,0,0,1,0,1,0,0,1,1,0,0,0,0,0,0,1
-0.5211147005957166,-0.47957078304258416,-0.44759714185456223,-0.4429765449651956,0,-0.5579397802308043,0,1,0,0,1,0,0,1,0,0,1,0,0,1,0,0
0.15197387055076161,-0.47957078304258416,-0.44759714185456223,-0.22813120072663096,0,-0.5579397802308043,0,1,0,1,0,0,0,1,0,1,0,0,0,1,0,0
-0.14717660551433984,-0.47957078304258416,-0.44759714185456223,-0.39182289157506117,0,-0.5579397802308043,0,1,0,0,1,0,0,1,0,0,1,0,0,1,0,0
0.30154910858331235,-0.47957078304258416,-0.44759714185456223,-0.4805744802069444,0,-0.5579397802308043,0,0,1,0,1,1,0,0,0,0,1,0,0,1,0,0
0.8998500607135153,0.5107854493944685,-0.44759714185456223,0.40336065037457863,1,0.08329287608275462,1,0,0,0,1,0,0,1,0,0,1,0,0,0,0,1
0.15197387055076161,0.5107854493944685,0.7123885203279295,0.09933811910792484,0,0.7245255323963136,0,1,0,0,1,1,0,0,0,0,1,0,0,0,0,1
1.872089107925095,0.5107854493944685,3.032359844692913,-0.1872082780145234,0,2.0069908450234317,0,1,0,1,0,0,0,1,0,0,0,1,0,0,1,0
0.9746376797297905,0.5107854493944685,-0.44759714185456223,0.4061741013110361,0,0.08329287608275462,1,0,0,0,1,0,0,1,0,0,1,0,0,0,0,1
-0.2219642245306152,0.5107854493944685,-0.44759714185456223,-0.3619839424795279,0,0.08329287608275462,0,0,1,0,1,1,0,0,0,0,1,0,0,0,0,1
-0.8202651766608181,-0.47957078304258416,-0.44759714185456223,-0.5033378559655542,0,-0.5579397802308043,0,0,1,1,0,0,0,1,0,1,0,0,0,1,0,0
-0.2219642245306152,0.5107854493944685,-0.44759714185456223,-0.4992455636943435,0,0.08329287608275462,0,0,1,0,1,0,1,0,0,0,1,0,0,0,0,1
0.8624562512053775,-0.47957078304258416,-0.44759714185456223,-0.4992455636943435,0,-0.5579397802308043,0,0,1,0,1,0,1,0,0,0,1,0,0,1,0,0
-0.4463270815794413,-0.47957078304258416,-0.44759714185456223,-0.5135685866435811,0,-0.5579397802308043,0,0,1,0,1,0,0,1,0,0,1,0,0,1,0,0
1.9468767269413703,0.5107854493944685,-0.44759714185456223,0.557588915345834,0,0.08329287608275462,1,0,0,0,1,1,0,0,0,0,1,0,0,0,0,1
-0.2219642245306152,-0.47957078304258416,-0.44759714185456223,-0.4931071252875273,0,-0.5579397802308043,0,0,1,0,1,0,0,1,0,0,1,0,0,1,0,0
0.6006995846484138,0.5107854493944685,-0.44759714185456223,1.1837096328410797,1,0.08329287608275462,1,0,0,1,0,0,1,0,0,0,0,1,0,0,0,1
0.8998500607135153,-0.47957078304258416,-0.44759714185456223,-0.09061381124486473,0,-0.5579397802308043,1,0,0,0,1,1,0,0,0,0,1,0,0,1,0,0
0.8998500607135153,-0.47957078304258416,-0.44759714185456223,-0.11457009020053248,1,-0.5579397802308043,1,0,0,0,1,0,0,1,0,0,1,0,0,1,0,0
0.07718625153448624,-0.47957078304258416,-0.44759714185456223,-0.4962622826286308,0,-0.5579397802308043,0,0,1,0,1,0,0,1,0,0,1,0,0,1,0,0
-0.8950527956770935,-0.47957078304258416,-0.44759714185456223,-0.4805744802069444,0,-0.5579397802308043,0,0,1,0,1,0,0,1,0,0,1,0,0,1,0,0
-1.642928985839847,0.5107854493944685,0.7123885203279295,-0.3458705416616356,0,0.7245255323963136,0,0,1,0,1,1,0,0,1,0,0,0,0,0,0,1
0.07718625153448624,-0.47957078304258416,-0.44759714185456223,-0.4931071252875273,0,-0.5579397802308043,0,0,1,0,1,0,0,1,0,0,1,0,0,1,0,0
-0.2219642245306152,-0.47957078304258416,-0.44759714185456223,-0.39182289157506117,0,-0.5579397802308043,0,1,0,0,1,0,0,1,0,0,1,0,0,1,0,0
0.8624562512053775,-0.47957078304258416,1.8723741825104212,-0.3611306995409805,0,0.7245255323963136,0,0,1,0,1,0,0,1,0,0,1,0,0,0,0,1
-0.2219642245306152,-0.47957078304258416,-0.44759714185456223,-0.5099878309062716,0,-0.5579397802308043,0,0,1,0,1,1,0,0,0,0,1,0,0,1,0,0
1.9468767269413703,-0.47957078304258416,-0.44759714185456223,-0.03374731784412008,1,-0.5579397802308043,1,0,0,0,1,0,0,1,0,0,1,0,0,1,0,0
-1.0446280337096443,-0.47957078304258416,-0.44759714185456223,-0.5099878309062716,0,-0.5579397802308043,0,0,1,1,0,1,0,0,0,1,0,0,0,1,0,0
-0.2219642245306152,-0.47957078304258416,-0.44759714185456223,-0.4931071252875273,0,-0.5579397802308043,0,0,1,0,1,0,0,1,0,0,1,0,0,1,0,0
-0.07238898649806448,-0.47957078304258416,-0.44759714185456223,-0.19692747215864898,0,-0.5579397802308043,0,0,1,0,1,0,0,1,0,0,1,0,0,1,0,0
-0.2219642245306152,-0.47957078304258416,-0.44759714185456223,-0.526101231724164,0,-0.5579397802308043,0,0,1,0,1,1,0,0,0,0,1,0,0,1,0,0
-0.29675184354689055,0.5107854493944685,1.8723741825104212,2.44311257930619,1,1.3657581887098726,1,0,0,1,0,0,0,1,0,0,0,1,0,0,0,1
0.15197387055076161,-0.47957078304258416,-0.44759714185456223,0.37539597113926004,1,-0.5579397802308043,1,0,0,0,1,0,0,1,0,0,1,0,0,1,0,0
1.5729386318599934,0.5107854493944685,-0.44759714185456223,-0.12582389394636206,0,0.08329287608275462,0,1,0,0,1,0,0,1,0,0,1,0,0,0,0,1
0.5259119656321384,0.5107854493944685,1.8723741825104212,-0.09001633657326796,0,1.3657581887098726,0,1,0,0,1,0,0,1,0,0,1,0,0,0,0,1
1.5729386318599934,0.5107854493944685,-0.44759714185456223,-0.3611306995409805,0,0.08329287608275462,0,0,1,0,1,0,0,1,0,0,1,0,0,0,0,1
-0.7454775576445427,0.5107854493944685,-0.44759714185456223,-0.4971134794210427,0,0.08329287608275462,0,0,1,1,0,0,0,1,0,1,0,0,0,0,0,1
-0.4463270815794413,0.5107854493944685,-0.44759714185456223,1.025475013736309,1,0.08329287608275462,1,0,0,1,0,0,0,1,0,0,0,1,0,0,0,1
-0.6706899386282674,-0.47957078304258416,-0.44759714185456223,-0.4634380063212494,0,-0.5579397802308043,0,0,1,0,1,0,0,1,0,0,1,0,0,1,0,0
-0.2219642245306152,-0.47957078304258416,-0.44759714185456223,-0.4962622826286308,0,-0.5579397802308043,0,0,1,0,1,1,0,0,0,0,1,0,0,1,0,0
-0.14717660551433984,0.5107854493944685,0.7123885203279295,4.406815394815756,1,0.7245255323963136,1,0,0,1,0,1,0,0,0,0,0,1,0,0,0,1
-0.2219642245306152,-0.47957078304258416,-0.44759714185456223,-0.49958727009898957,0,-0.5579397802308043,0,0,1,0,1,0,1,0,0,0,1,0,0,1,0,0
-0.2219642245306152,1.5011416818315209,-0.44759714185456223,-0.2142337761735992,0,0.7245255323963136,0,0,1,0,1,1,0,0,0,0,1,0,0,0,0,1
-0.2219642245306152,0.5107854493944685,0.7123885203279295,-0.06443950987820074,0,0.7245255323963136,0,1,0,0,1,0,0,1,0,0,1,0,0,0,0,1
-0.2219642245306152,-0.47957078304258416,-0.44759714185456223,-0.4962622826286308,0,-0.5579397802308043,0,0,1,0,1,1,0,0,0,0,1,0,0,1,0,0
0.15197387055076161,-0.47957078304258416,-0.44759714185456223,-0.07390293575537558,1,-0.5579397802308043,1,0,0,0,1,1,0,0,0,0,1,0,0,1,0,0
-0.9698404146933688,-0.47957078304258416,-0.44759714185456223,-0.12582389394636206,0,-0.5579397802308043,0,1,0,0,1,0,0,1,0,0,1,0,0,1,0,0
-0.595902319611992,-0.47957078304258416,-0.44759714185456223,-0.4992455636943435,0,-0.5579397802308043,0,0,1,1,0,0,1,0,0,1,0,0,0,1,0,0
2.3956024410390224,0.5107854493944685,3.032359844692913,4.71075403409085,1,2.0069908450234317,1,0,0,0,1,1,0,0,0,0,1,0,0,0,1,0
-0.37153946256316595,-0.47957078304258416,-0.44759714185456223,-0.5094762943723704,0,-0.5579397802308043,0,0,1,0,1,0,1,0,0,0,1,0,0,1,0,0
-0.5211147005957166,-0.47957078304258416,-0.44759714185456223,-0.4992455636943435,0,-0.5579397802308043,0,0,1,1,0,0,0,1,0,1,0,0,0,1,0,0
-2.11633461421287,0.5107854493944685,0.7123885203279295,-0.3611306995409805,0,0.7245255323963136,0,1,0,0,1,0,0,1,1,0,0,0,0,0,0,1
1.3485757748111673,-0.47957078304258416,-0.44759714185456223,0.03829339529827408,1,-0.5579397802308043,1,0,0,0,1,0,0,1,0,0,1,0,0,1,0,0
1.647726250876269,-0.47957078304258416,-0.44759714185456223,-0.4992455636943435,0,-0.5579397802308043,0,0,1,0,1,0,0,1,0,0,1,0,0,1,0,0
-0.29675184354689055,-0.47957078304258416,-0.44759714185456223,-0.39182289157506117,0,-0.5579397802308043,0,1,0,0,1,0,0,1,0,0,1,0,0,1,0,0
0.30154910858331235,-0.47957078304258416,-0.44759714185456223,-0.4807443103361997,0,-0.5579397802308043,0,0,1,0,1,0,0,1,0,0,1,0,0,1,0,0
0.9746376797297905,-0.47957078304258416,-0.44759714185456223,-0.39182289157506117,0,-0.5579397802308043,0,1,0,0,1,0,0,1,0,0,1,0,0,1,0,0
-0.8202651766608181,-0.47957078304258416,-0.44759714185456223,-0.4931071252875273,0,-0.5579397802308043,0,0,1,0,1,0,0,1,0,0,1,0,0,1,0,0
-2.091654699937499,-0.47957078304258416,1.8723741825104212,0.09933811910792484,0,0.7245255323963136,0,1,0,0,1,1,0,0,1,0,0,0,0,0,0,1
-1.4933537478072965,2.491497914268573,1.8723741825104212,-0.08694711736985992,0,2.6482235013369904,0,0,1,1,0,0,0,1,0,1,0,0,0,0,1,0
0.07718625153448624,-0.47957078304258416,-0.44759714185456223,-0.6578218892037603,0,-0.5579397802308043,0,1,0,0,1,0,0,1,0,0,1,0,0,1,0,0
-0.8950527956770935,0.5107854493944685,-0.44759714185456223,1.570431252470496,1,0.08329287608275462,1,0,0,1,0,1,0,0,0,0,0,1,0,0,0,1
-0.8202651766608181,-0.47957078304258416,-0.44759714185456223,0.8460955204661923,0,-0.5579397802308043,0,1,0,0,1,0,0,1,0,0,1,0,0,1,0,0
0.07718625153448624,-0.47957078304258416,-0.44759714185456223,0.27317460249668657,0,-0.5579397802308043,1,0,0,0,1,0,0,1,0,0,1,0,0,1,0,0
0.8998500607135153,-0.47957078304258416,-0.44759714185456223,-0.12582389394636206,1,-0.5579397802308043,1,0,0,0,1,0,0,1,0,0,1,0,0,1,0,0
0.3763367275995877,0.5107854493944685,-0.44759714185456223,-0.12582389394636206,0,0.08329287608275462,0,1,0,0,1,0,0,1,0,0,1,0,0,0,0,1
1.498151012843718,-0.47957078304258416,-0.44759714185456223,-0.6578218892037603,1,-0.5579397802308043,1,0,0,0,1,0,0,1,0,0,1,0,0,1,0,0
2.0216643459576455,-0.47957078304258416,-0.44759714185456223,0.0685599889361488,1,-0.5579397802308043,1,0,0,0,1,1,0,0,0,0,0,0,1,1,0,0
-1.642928985839847,-0.47957078304258416,1.8723741825104212,-0.12070852860734863,0,0.7245255323963136,0,1,0,1,0,0,0,1,0,1,0,0,0,0,0,1
-1.9420794619049486,3.4818541467056257,1.8723741825104212,-0.01558777089062237,0,3.2894561576505494,0,0,1,0,1,0,0,1,1,0,0,0,0,0,1,0
3.0686910121855004,0.5107854493944685,0.7123885203279295,0.7949418670760579,1,0.7245255323963136,1,0,0,0,1,0,0,1,0,0,0,0,1,0,0,1
-0.7454775576445427,-0.47957078304258416,-0.44759714185456223,-0.4429765449651956,0,-0.5579397802308043,0,1,0,0,1,0,0,1,0,0,1,0,0,1,0,0
-1.5681413668235717,0.5107854493944685,0.7123885203279295,-0.12582389394636206,0,0.7245255323963136,0,1,0,1,0,0,0,1,0,1,0,0,0,0,0,1
0.7502748226809645,-0.47957078304258416,-0.44759714185456223,1.570431252470496,1,-0.5579397802308043,1,0,0,1,0,1,0,0,0,0,0,0,1,1,0,0
-0.5211147005957166,-0.47957078304258416,-0.44759714185456223,-0.4987340271604422,0,-0.5579397802308043,0,0,1,1,0,0,0,1,0,1,0,0,0,1,0,0
0.9746376797297905,-0.47957078304258416,-0.44759714185456223,-0.39182289157506117,0,-0.5579397802308043,0,1,0,0,1,0,0,1,0,0,1,0,0,1,0,0
-0.8950527956770935,-0.47957078304258416,-0.44759714185456223,-0.4805744802069444,0,-0.5579397802308043,0,0,1,0,1,0,0,1,0,0,1,0,0,1,0,0
0.07718625153448624,-0.47957078304258416,-0.44759714185456223,-0.37417488115546477,0,-0.5579397802308043,0,1,0,0,1,1,0,0,0,0,1,0,0,1,0,0
-0.2219642245306152,-0.47957078304258416,-0.44759714185456223,-0.5099018927685763,0,-0.5579397802308043,0,0,1,0,1,1,0,0,0,0,1,0,0,1,0,0
0.5259119656321384,-0.47957078304258416,-0.44759714185456223,-0.3943805742445679,1,-0.5579397802308043,0,1,0,0,1,1,0,0,0,0,1,0,0,1,0,0
-0.7454775576445427,-0.47957078304258416,-0.44759714185456223,-0.4962622826286308,0,-0.5579397802308043,0,0,1,0,1,0,0,1,0,0,1,0,0,1,0,0
1.3485757748111673,0.5107854493944685,-0.44759714185456223,-0.5145916597113838,0,0.08329287608275462,0,0,1,1,0,0,0,1,0,0,0,1,0,0,0,1
-2.016867080921224,3.4818541467056257,0.7123885203279295,0.154242358364624,0,2.6482235013369904,0,0,1,0,1,0,0,1,1,0,0,0,0,0,1,0
-0.8950527956770935,1.5011416818315209,-0.44759714185456223,-0.4931071252875273,0,0.7245255323963136,0,0,1,0,1,0,0,1,0,0,1,0,0,0,0,1
-0.7454775576445427,-0.47957078304258416,-0.44759714185456223,-0.4429765449651956,0,-0.5579397802308043,0,1,0,0,1,0,0,1,0,0,1,0,0,1,0,0
-0.5211147005957166,-0.47957078304258416,-0.44759714185456223,-0.4931071252875273,0,-0.5579397802308043,0,0,1,0,1,0,0,1,0,0,1,0,0,1,0,0
